,0
0,https://avatars.mds.yandex.net/i?id=ec43f296e3ee34efde871f350e7f2a97_l-11392985-images-thumbs&n=13
1,https://avatars.mds.yandex.net/i?id=a7da86635b01e8f8247a59de56fe38d9_l-4054461-images-thumbs&n=13
2,https://avatars.mds.yandex.net/i?id=715ad55d34d0492cf5fa91e76172c7b0_l-4979658-images-thumbs&n=13
3,https://avatars.mds.yandex.net/i?id=d93ba2802d3b10564eb3843e5636c258_l-4834298-images-thumbs&n=13
4,https://avatars.mds.yandex.net/i?id=b33bc07931e5f281364f4f6a3dcdf14b_l-10471913-images-thumbs&n=13
5,https://avatars.mds.yandex.net/i?id=c9319b2630f9f64986f835b45b820982_l-3963629-images-thumbs&n=13
6,https://i.pinimg.com/originals/9f/8c/20/9f8c20ec2364d5d96f0e32751f2fffc7.png
7,https://avatars.mds.yandex.net/i?id=0cbe1f1ff6148ac7a11f44b44a6df2fb_l-6323519-images-thumbs&n=13
8,https://avatars.mds.yandex.net/i?id=c715fe0bdcb0a10fbc53b5396cf4270f_l-5888857-images-thumbs&n=13
9,https://avatars.mds.yandex.net/i?id=30cefc88fd37e59e0561e3f645eef20e_l-3097415-images-thumbs&n=13
10,https://avatars.mds.yandex.net/i?id=f6c56752642a125febe1815378a2b45c_l-10753427-images-thumbs&n=13
11,https://avatars.mds.yandex.net/i?id=f86c51ded77c1c3cc06568e88c4f3d28_l-4400724-images-thumbs&n=13
12,https://i.ytimg.com/vi/e80FdSU4xNA/maxresdefault.jpg
13,https://avatars.mds.yandex.net/i?id=2e0e6705d2a1146f6821eba39f7003aa_l-7749798-images-thumbs&n=13
14,https://avatars.mds.yandex.net/i?id=8f6331c245e2e1083444cd80d53255ae_l-5876637-images-thumbs&n=13
15,https://avatars.mds.yandex.net/i?id=19f50c269885c6d09a8c6e733d8e1e76_l-4012918-images-thumbs&n=13
16,https://avatars.mds.yandex.net/i?id=2fd1602aeed614d95334cae65125161b_l-4228658-images-thumbs&n=13
17,https://avatars.mds.yandex.net/i?id=297b540b1183fe86383c6a0291d6608b_l-8186163-images-thumbs&n=13
18,https://avatars.mds.yandex.net/i?id=f64ac92bb82c1f185863b40a340ad26a_l-10859624-images-thumbs&n=13
19,https://www.kindpng.com/picc/m/108-1081473_cat-meme-png-cat-meme-transparent-background-png.png
20,https://avatars.mds.yandex.net/i?id=0d0f72e3af844266d5321f5277486448_l-9202550-images-thumbs&n=13
21,https://avatars.mds.yandex.net/i?id=86bf40ff98c79ad89f8c320c1442a9b8_l-5231938-images-thumbs&n=13
22,https://avatars.mds.yandex.net/i?id=837f6c92392501c80289b21cc2b2a18c_l-10850495-images-thumbs&n=13
23,https://avatars.mds.yandex.net/i?id=2afef7b7d5e92900653dd098c641de90_l-5332576-images-thumbs&n=13
24,https://avatars.mds.yandex.net/i?id=a3f16e6806d9c427d6e9d9b512ee3e83_l-8498042-images-thumbs&n=13
25,https://avatars.mds.yandex.net/i?id=7a61bf684bbf3f3faeddbda3fbde9336_l-4887637-images-thumbs&n=13
26,https://avatars.mds.yandex.net/i?id=da22df9af011d7654b1d774934ffec8d_l-4034413-images-thumbs&n=13
27,https://avatars.mds.yandex.net/i?id=5bd95cbd8b4ba3fa9a874906093ad72b_l-9103996-images-thumbs&n=13
28,https://avatars.mds.yandex.net/i?id=82294936c66e5ff3c030b684cb95f78f_l-5318617-images-thumbs&n=13
29,https://static.tildacdn.com/tild6137-3162-4433-b664-333232356233/image_424.png
30,https://avatars.mds.yandex.net/i?id=67d8aa27694e4cf21953fae15e5a3e37_l-5888746-images-thumbs&n=13
31,https://avatars.mds.yandex.net/i?id=f47cedd5fb246786a178a13cee264c21_l-8354186-images-thumbs&n=13
32,https://avatars.mds.yandex.net/i?id=e957e9088c0eac3fe1f1ccec97d56522_l-10843661-images-thumbs&n=13
33,https://avatars.mds.yandex.net/i?id=507bfa35d1967cf5b8ab7f696a8d9fac_l-9182312-images-thumbs&n=13
34,https://avatars.mds.yandex.net/i?id=b5d8bec4fa2e8275afd5131e905e13e4_l-5366304-images-thumbs&n=13
35,https://avatars.mds.yandex.net/i?id=c51857ceb1518b1a0a6f941b4174e1c2_l-12146892-images-thumbs&n=13
36,https://avatars.mds.yandex.net/i?id=ab22359e41bc769c1ddd659aaf191b4c_l-8970800-images-thumbs&n=13
37,https://avatars.mds.yandex.net/i?id=4588bca6318eeef1c3b9849b8f49f2ee_l-5749428-images-thumbs&n=13
38,https://avatars.mds.yandex.net/i?id=2741cb006170e73ad50ba8c0266f3d4a_l-5288661-images-thumbs&n=13
39,https://avatars.mds.yandex.net/i?id=1687717e8b437b52a4f25e1ea78072ee_l-4599039-images-thumbs&n=13
40,https://avatars.mds.yandex.net/i?id=c4665365bd164c0cc44b715e78d31374_l-9875416-images-thumbs&n=13
41,https://avatars.mds.yandex.net/i?id=2e660cbe05bc33a0a6fbf05ebde15649_l-5280741-images-thumbs&n=13
42,https://avatars.mds.yandex.net/i?id=e5284357ce99b6cde35d2f3491dd274b_l-5325046-images-thumbs&n=13
43,https://i.pinimg.com/originals/a5/01/50/a501505d9ec789d10c370cfc47c58995.png
44,https://avatars.mds.yandex.net/i?id=37706238d686bf14d081eab381de04ff_l-8425275-images-thumbs&n=13
45,https://avatars.mds.yandex.net/i?id=974a5abf133f15f7f697c534ab179dc7_l-4080866-images-thumbs&n=13
46,https://avatars.mds.yandex.net/i?id=c13b6ccad6860c088bc60135a086dd89_l-5859422-images-thumbs&n=13
47,https://avatars.mds.yandex.net/i?id=2926c45c0d5382a3aa72c63658b81cb2_l-5268158-images-thumbs&n=13
48,https://avatars.mds.yandex.net/i?id=0d152634a8d7ff78ec74a02ad854ab3e_l-5876461-images-thumbs&n=13
49,https://avatars.mds.yandex.net/i?id=a4359b6a649afbf36db69ea873673643_l-4012351-images-thumbs&n=13
50,https://svalko.org/data/2021_01_16_08_04_394118_1.gif
51,https://avatars.mds.yandex.net/i?id=b62a72b68ee1034b3b1db55c191fe4ef_l-9228969-images-thumbs&n=13
52,https://i.pinimg.com/originals/3b/a9/13/3ba913534795cbda6d4d37211b0d9e4e.jpg
53,https://avatars.mds.yandex.net/i?id=c88d961fe77eeb5980470511bbbbc649_l-6276427-images-thumbs&n=13
54,https://avatars.mds.yandex.net/i?id=71ba1876f65c220d68706b6707bdd323_l-6467253-images-thumbs&n=13
55,https://i.pinimg.com/originals/08/b8/ac/08b8acd5e3a812579f1e4041e02d8fed.png
56,https://avatars.mds.yandex.net/i?id=40bb83c727d4d0dce1f8a93ba993ae72_l-10576924-images-thumbs&n=13
57,https://avatars.mds.yandex.net/i?id=23174329cf98e87b1a8c3b9df995d851_l-5293988-images-thumbs&n=13
58,https://avatars.mds.yandex.net/i?id=e6e20351084ef056f564c0d53b805f72_l-10590187-images-thumbs&n=13
59,https://avatars.mds.yandex.net/i?id=2dca71862af42167f6e60e5f8c0cbb22_l-5878150-images-thumbs&n=13
60,https://avatars.mds.yandex.net/i?id=29cab6a1caec36bc57ad98e092c001fb_l-10933192-images-thumbs&n=13
61,https://avatars.mds.yandex.net/i?id=972695c6bf49d9455d74c06f7db48d84_l-10284885-images-thumbs&n=13
62,https://avatars.mds.yandex.net/i?id=64c66e60dad664c28e83e9fbcff0c86d_l-8076535-images-thumbs&n=13
63,https://avatars.mds.yandex.net/i?id=7c80868122b2ebffd73abeed5927514c_l-10331033-images-thumbs&n=13
64,https://avatars.mds.yandex.net/i?id=c5a5bad46de184bfd5dfe019af07cf8f_l-5381133-images-thumbs&n=13
65,https://avatars.mds.yandex.net/i?id=73fe6c9d2c69850e9e6bc919a0783daf_l-5666974-images-thumbs&n=13
66,https://avatars.mds.yandex.net/i?id=c93a68cff72b3834a0b32e67ea706828_l-9860570-images-thumbs&n=13
67,https://avatars.mds.yandex.net/i?id=647eb6ca115ee8552290187e76f20a12_l-4255367-images-thumbs&n=13
68,https://avatars.mds.yandex.net/i?id=b1a9c3bb5256a2c2b9750427ac7ef9ff_l-5289693-images-thumbs&n=13
69,https://avatars.mds.yandex.net/i?id=d81b87335f695b424ee9b0f1321916a0_l-5350829-images-thumbs&n=13
70,https://avatars.mds.yandex.net/i?id=e27071c418b4ec81a95328eafaa38674_l-4865933-images-thumbs&n=13
71,https://avatars.mds.yandex.net/i?id=cb0498bf34e437efcf27d70a7a8369a2_l-9098551-images-thumbs&n=13
72,https://i.pinimg.com/originals/09/ac/0a/09ac0a67ea70cb16a4f94f80bd60feb3.png
73,https://avatars.mds.yandex.net/i?id=9883f471dd2aa0e7fac8339f3fefaa29_l-11388048-images-thumbs&n=13
74,https://www.pngitem.com/pimgs/m/92-926869_transparent-funny-cat-png-funny-cat-transparent-background.png
75,https://avatars.mds.yandex.net/i?id=f0edb80a9a89ba72b9c3f8190a8346ad_l-5880141-images-thumbs&n=13
76,https://avatars.mds.yandex.net/i?id=35c09cd75ca26a4edb4a86d461c3a05d_l-7552414-images-thumbs&n=13
77,https://avatars.mds.yandex.net/i?id=c78fca1e445f30aa2cd5457c41772a2c_l-10767526-images-thumbs&n=13
78,https://avatars.mds.yandex.net/i?id=b04335cd94e8828a43177fec3c2a9e94_l-8391913-images-thumbs&n=13
79,https://avatars.mds.yandex.net/i?id=e7a74cde763a58b0d3654809effebae7_l-10131513-images-thumbs&n=13
80,https://avatars.mds.yandex.net/i?id=954e816a1f5812a439476dc8f6fe6268_l-5238205-images-thumbs&n=13
81,https://avatars.mds.yandex.net/i?id=883233ff4bbd650cd84ce74d7e82881d_l-4439787-images-thumbs&n=13
82,https://avatars.mds.yandex.net/i?id=007b0e898eb76c63997764b0900847c8_l-7909006-images-thumbs&n=13
83,https://i.pinimg.com/originals/90/1d/fc/901dfca7406689e2ba859bc7bda8c7b8.png
84,https://avatars.mds.yandex.net/i?id=916e50dc0aef2f3393e9731338181abe_l-5227706-images-thumbs&n=13
85,https://avatars.mds.yandex.net/i?id=93fc2306e87d687ec539337440be68b5_l-10471467-images-thumbs&n=13
86,https://avatars.mds.yandex.net/i?id=cd5797c5eebc67d2b054f3ae07706956_l-10811833-images-thumbs&n=13
87,https://avatars.mds.yandex.net/i?id=07fa021b86d5b188e15afc8021c43d04_l-9053045-images-thumbs&n=13
88,https://avatars.mds.yandex.net/i?id=d3fc8f4b8535392157df7118450729fb_l-3142098-images-thumbs&n=13
89,https://avatars.mds.yandex.net/i?id=325b8af0172b0f56cdb337f2f9c7fe80_l-9243216-images-thumbs&n=13
90,https://avatars.mds.yandex.net/i?id=cf844af8ccb320011cfd300508f95454_l-5065420-images-thumbs&n=13
91,https://avatars.mds.yandex.net/i?id=4d4fe50e2eb5627f6c653e3f8b4d213e_l-5661435-images-thumbs&n=13
92,https://avatars.mds.yandex.net/i?id=a5c52a9d4937aaf7d458a9cb1dcda982_l-5663294-images-thumbs&n=13
93,https://avatars.mds.yandex.net/i?id=2cc4f690074c77f7bbe8ac200ae997fd_l-5334385-images-thumbs&n=13
94,https://avatars.mds.yandex.net/i?id=4d2c86c99a50b253385cf13ee232ec23_l-8348888-images-thumbs&n=13
95,https://avatars.mds.yandex.net/i?id=8c46982b5822081577adfcfa0ad263da_l-5288546-images-thumbs&n=13
96,https://avatars.mds.yandex.net/i?id=9ed5069810ab5da46e72fa3ecb5d0842_l-10117685-images-thumbs&n=13
97,https://i.imgflip.com/18fahn.jpg
98,https://avatars.mds.yandex.net/i?id=63180aa8179a3b72a45895b31645fbd8_l-5241344-images-thumbs&n=13
99,https://avatars.mds.yandex.net/i?id=9a29ca9dc96caccaa46fa638ae5e625f_l-5338760-images-thumbs&n=13
100,https://avatars.mds.yandex.net/i?id=61930966d5a558be61d8a697a90f4343_l-5363089-images-thumbs&n=13
101,https://avatars.mds.yandex.net/i?id=fa073e23503b70aa51f9d2dadd082660_l-8544486-images-thumbs&n=13
102,https://avatars.mds.yandex.net/i?id=be70a6959bc56bd7c56fc5b2115ccc47_l-5280263-images-thumbs&n=13
103,https://avatars.mds.yandex.net/i?id=4c8f88acb3987a071713d241db4173ea_l-5661188-images-thumbs&n=13
104,https://avatars.mds.yandex.net/i?id=86a38745382738986e98ab0be529cd19_l-4210949-images-thumbs&n=13
105,https://avatars.mds.yandex.net/i?id=1f60e7d64babc69a3916a15d25628ecb_l-5234139-images-thumbs&n=13
106,https://www.kindpng.com/picc/m/104-1046489_sadcat-meme-memes-sad-cat-crying-cat-meme.png
107,https://i.pinimg.com/736x/00/dc/f1/00dcf16155daa2a3fcd534a9f1515c8b.jpg
108,https://avatars.mds.yandex.net/i?id=24810e7f6549400bcc3392ba1eb33bf7_l-9152778-images-thumbs&n=13
109,https://avatars.mds.yandex.net/i?id=bb5dc5a8c1d62af7e08d7f38354bf5f2_l-9228005-images-thumbs&n=13
110,https://avatars.mds.yandex.net/i?id=d4f93fc7284b5c59c29577f3b5d8f415_l-9222386-images-thumbs&n=13
111,https://avatars.mds.yandex.net/i?id=67b2ffbc3779a02edf6317fd549bd14f_l-6358986-images-thumbs&n=13
112,https://avatars.mds.yandex.net/i?id=a1823fe878f1cc97e27d909a36636433_l-5013945-images-thumbs&n=13
113,https://avatars.mds.yandex.net/i?id=b3e1b7b645b555cbadeed74a9ecd5ab8_l-7663003-images-thumbs&n=13
114,https://avatars.mds.yandex.net/i?id=c52b2ccb1dbf541f91563d0519572f67_l-9067770-images-thumbs&n=13
115,https://avatars.mds.yandex.net/i?id=2b9e24fbc6a6ff86183900e72850d9e5_l-4034663-images-thumbs&n=13
116,https://avatars.mds.yandex.net/i?id=5d7e58e1e286f91567377b16ef384113_l-9198173-images-thumbs&n=13
117,https://avatars.mds.yandex.net/i?id=8ce0602c16f8fafbef551a410f9c99d3_l-7662041-images-thumbs&n=13
118,https://avatars.mds.yandex.net/i?id=005f4900fea827ef9ed1b708acfc10ee_l-5391955-images-thumbs&n=13
119,https://avatars.mds.yandex.net/i?id=dfd2377ba800a18cfc7f058df53c50c6_l-4298770-images-thumbs&n=13
120,https://avatars.mds.yandex.net/i?id=c659f93d9ca5dafc77d89cc3fbb4e9db_l-5552883-images-thumbs&n=13
121,https://avatars.mds.yandex.net/i?id=4f885215749542717919a12553154b64_l-5215259-images-thumbs&n=13
122,https://i.pinimg.com/originals/1c/4b/4d/1c4b4d1217690e50cd3343c686dd980d.jpg
123,https://avatars.mds.yandex.net/i?id=13fb80420e56eca0e89219a3f5c81a3e_l-10096959-images-thumbs&n=13
124,https://avatars.mds.yandex.net/i?id=cb757b162ae2471499b69be9dfb8a023_l-5429127-images-thumbs&n=13
125,https://avatars.mds.yandex.net/i?id=0a3f386e20a575f691583a60470d98de_l-5588720-images-thumbs&n=13
126,https://avatars.mds.yandex.net/i?id=d618bf40664a66370f1ab2d91fe897e4_l-4578587-images-thumbs&n=13
127,https://avatars.mds.yandex.net/i?id=c505173c41c48732413fc9efece8679c_l-4118910-images-thumbs&n=13
128,https://avatars.mds.yandex.net/i?id=f639a25ea1db5ad4fb7cf37f8c8d1926_l-9226126-images-thumbs&n=13
129,https://avatars.mds.yandex.net/i?id=d8e0525003be6456fcc1247a0ea14863_l-4969143-images-thumbs&n=13
130,https://avatars.mds.yandex.net/i?id=622dda31005975354ee7c4e69e01a4f5_l-7753970-images-thumbs&n=13
131,https://avatars.mds.yandex.net/i?id=1a63ab9de03f8ef8fe46597aacf8601b_l-2899831-images-thumbs&n=13
132,https://avatars.mds.yandex.net/i?id=bb23d09198f90bbb13af730ef38d264c_l-5211891-images-thumbs&n=13
133,https://avatars.mds.yandex.net/i?id=8a0a32d308394a1c612097c269a75d6b_l-10158740-images-thumbs&n=13
134,https://avatars.mds.yandex.net/i?id=ecab38a78a489dc24f3e6b795deab0de_l-9213890-images-thumbs&n=13
135,https://avatars.mds.yandex.net/i?id=9d2ef1724060286bb2d6a688188fd90a_l-4365707-images-thumbs&n=13
136,https://i.imgflip.com/5sr1wb.png
137,https://avatars.mds.yandex.net/i?id=2e2b9842889318e598a342347eaa2529_l-5220790-images-thumbs&n=13
138,https://avatars.mds.yandex.net/i?id=e61e016f794e9ddaa37bfeed9a2beff5_l-10512701-images-thumbs&n=13
139,https://avatars.mds.yandex.net/i?id=79650ce8095bc445c975799ad5f4459a_l-7054477-images-thumbs&n=13
140,https://avatars.mds.yandex.net/i?id=cae54556b75fa3eb0fce5099daf6587a_l-4408252-images-thumbs&n=13
141,https://avatars.mds.yandex.net/i?id=4b9cb39ce337f0cad6f57834286c4cc5_l-10471469-images-thumbs&n=13
142,https://habrastorage.org/getpro/habr/upload_files/24c/a20/2a4/24ca202a47c18298f4a60863bd75a3d1.jpeg
143,https://avatars.mds.yandex.net/i?id=4121d5161d766df02ae53e8d328b1f8c_l-8177770-images-thumbs&n=13
144,https://i.pinimg.com/originals/6f/30/ad/6f30adcbc641c28416e5bab5012c45f2.jpg
145,https://avatars.mds.yandex.net/i?id=3630375d3c3b760f3cb9ee029e70a267_l-4885489-images-thumbs&n=13
146,https://avatars.mds.yandex.net/i?id=52a36b47c0aba0a1c604cecb8aaba1ba_l-10109607-images-thumbs&n=13
147,https://avatars.mds.yandex.net/i?id=20b3b0ab611c9431978506da0863a19b_l-5161154-images-thumbs&n=13
148,https://avatars.mds.yandex.net/i?id=748c92d28cb49dcb690deb038a3bf4d3_l-5233858-images-thumbs&n=13
149,https://avatars.mds.yandex.net/i?id=611d8298346a948ea2c6f5d4736ac9d3_l-4577841-images-thumbs&n=13
150,https://avatars.mds.yandex.net/i?id=cd1ed7328dcf7960625bf3e1ece3df6a_l-8496968-images-thumbs&n=13
151,https://avatars.mds.yandex.net/i?id=7547dff0ad760aa1c28d8db968ff2347_l-4077354-images-thumbs&n=13
152,https://avatars.mds.yandex.net/i?id=f8e30a7d3a8e029b775a308df02fef46_l-4571959-images-thumbs&n=13
153,https://avatars.mds.yandex.net/i?id=3b66b864c43b470bdedc7e8d089dd607_l-10637439-images-thumbs&n=13
154,https://avatars.mds.yandex.net/i?id=7b441eec8fa086d690f71dfff465a3c0_l-10146555-images-thumbs&n=13
155,https://avatars.mds.yandex.net/i?id=45b940d434a3f0214a325de9483b9496_l-4824430-images-thumbs&n=13
156,https://avatars.mds.yandex.net/i?id=e517c3ed08919cc8552405391ffdacd9_l-12461673-images-thumbs&n=13
157,https://avatars.mds.yandex.net/i?id=54b5b74a698a21e9fbdb89321955823d_l-5875681-images-thumbs&n=13
158,https://avatars.mds.yandex.net/i?id=4690b7f2f492c79555fdcc759c4b84cb_l-6348765-images-thumbs&n=13
159,https://avatars.mds.yandex.net/i?id=ad5e789d1f5795668bacd5bef7810b40_l-4825158-images-thumbs&n=13
160,https://avatars.mds.yandex.net/i?id=8fa20617e887cb572e7bb0945bfd03ac_l-11459613-images-thumbs&n=13
161,https://avatars.mds.yandex.net/i?id=c3dd472cb2a53a47e11548de54ab2787_l-4904464-images-thumbs&n=13
162,https://avatars.mds.yandex.net/i?id=d3bfa353e2c815d91a517e41499c7c7b_l-9220607-images-thumbs&n=13
163,https://i.pinimg.com/originals/cf/fa/83/cffa83ebe67a00b3dfead14ce35060e9.png
164,https://www.pngitem.com/pimgs/m/451-4516388_gato-llorando-sadaesthetic-sad-cat-meme-png-transparent.png
165,https://avatars.mds.yandex.net/i?id=243fd753a893276f0117e7613c651587_l-8492509-images-thumbs&n=13
166,https://avatars.mds.yandex.net/i?id=904e997224cdc826c555d816e0192083_l-5161154-images-thumbs&n=13
167,https://avatars.mds.yandex.net/i?id=327704fe07a5b7bd14bf037a604e64c8_l-6871359-images-thumbs&n=13
168,https://avatars.mds.yandex.net/i?id=d42a32656bdb3c1b3d83d3e5059a0237_l-4553981-images-thumbs&n=13
169,https://avatars.mds.yandex.net/i?id=50eb6f544e2f7916c17944777dad4dc5_l-4577579-images-thumbs&n=13
170,https://avatars.mds.yandex.net/i?id=eb45258306b7861505a00476f7a387ac_l-4947185-images-thumbs&n=13
171,https://avatars.mds.yandex.net/i?id=9fbc32dd2cbc1df44a200effb2df6817_l-2431862-images-thumbs&n=13
172,https://avatars.mds.yandex.net/i?id=df653630264f2b23235bc7796d5b2605_l-7011746-images-thumbs&n=13
173,https://avatars.mds.yandex.net/i?id=d473e846dae6b9e9ed96b563a4327701_l-10874712-images-thumbs&n=13
174,https://avatars.mds.yandex.net/i?id=180edfec5ec83874715b4702e2a6f27b_l-4937470-images-thumbs&n=13
175,https://avatars.mds.yandex.net/i?id=4f3d79245d4347b045b6762cea33eba3_l-4350935-images-thumbs&n=13
176,https://avatars.mds.yandex.net/i?id=aad02f29a3c7c5bb7a6de56f702980ab_l-9065979-images-thumbs&n=13
177,https://avatars.mds.yandex.net/i?id=22d7c7a912add478b90ab816309a40e6_l-5336269-images-thumbs&n=13
178,https://avatars.mds.yandex.net/i?id=f871800029da4620b73d4b8189100d67_l-10311822-images-thumbs&n=13
179,https://avatars.mds.yandex.net/i?id=3dd3d828d44a41468552d7f5eed9e17f_l-9882590-images-thumbs&n=13
180,https://avatars.mds.yandex.net/i?id=68b004e5a0a817e727ffa64f8a952f8d_l-5234974-images-thumbs&n=13
181,https://avatars.mds.yandex.net/i?id=847885a3f74b939ff5d3b1f584a6033b_l-8249293-images-thumbs&n=13
182,https://i.pinimg.com/originals/21/b5/0b/21b50b9da111e0da4b37ac3bf6c1e333.png
183,https://avatars.mds.yandex.net/i?id=c03ab853431c138fc5f3b89bfa85f3e4_l-5447131-images-thumbs&n=13
184,https://avatars.mds.yandex.net/i?id=fac97b9311dc01f9bcff2ad15eadd98b_l-9390856-images-thumbs&n=13
185,https://avatars.mds.yandex.net/i?id=b476b194bcdaa79e6a0fb0296ae11c7b_l-3871383-images-thumbs&n=13
186,https://avatars.mds.yandex.net/i?id=d0a32c29a931b3f985c13a4e544fe24c_l-4464154-images-thumbs&n=13
187,https://avatars.mds.yandex.net/i?id=05c9a3811a6379fa2c145044455194b2_l-10026303-images-thumbs&n=13
188,https://avatars.mds.yandex.net/i?id=1e2ee1a488269bfe3338243e088a1a95_l-9266026-images-thumbs&n=13
189,https://avatars.mds.yandex.net/i?id=cf6839dfdde4e5300c81c28a647281ef_l-9857494-images-thumbs&n=13
190,https://avatars.mds.yandex.net/i?id=dbfd3d0f1006ef364ca4818e410f6d7a-4568831-images-thumbs&n=13
191,https://avatars.mds.yandex.net/i?id=2d63e5af485c0752fb82c7f746279368_l-5236639-images-thumbs&n=13
192,https://avatars.mds.yandex.net/i?id=050cd7b27f5a443ccd2a61367d35495e_l-5233739-images-thumbs&n=13
193,https://avatars.mds.yandex.net/i?id=3205740aa933d22d2c6261e58fdfbbb4_l-12314646-images-thumbs&n=13
194,https://avatars.mds.yandex.net/i?id=94f1cfbf0b7fd5d66165837ef38558b5_l-5235366-images-thumbs&n=13
195,https://avatars.mds.yandex.net/i?id=30a1dc396c89f2b5df7a4b18bb144c24_l-5238116-images-thumbs&n=13
196,https://avatars.mds.yandex.net/i?id=febc2631eecf047cf79ec4c556e09478_l-4591118-images-thumbs&n=13
197,https://i.pinimg.com/originals/11/f7/0a/11f70a354484f79d6583cb29ecf31976.png
198,https://avatars.mds.yandex.net/i?id=b8905c4230a3c3ded9c6d47d5e40fc7a_l-7751770-images-thumbs&n=13
199,https://avatars.mds.yandex.net/i?id=8252292cb5fe513ee66cd841134cab80_l-5243009-images-thumbs&n=13
200,https://4x4photo.ru/wp-content/uploads/2023/05/a4870d98-99b4-4ff1-a577-2b3b03734bd4.jpg
201,https://avatars.mds.yandex.net/i?id=360840a57db03e3c2c6e236d3910f15a_l-5100713-images-thumbs&n=13
202,https://avatars.mds.yandex.net/i?id=2eafe9d2f959213a2d802260d34ade04_l-8357156-images-thumbs&n=13
203,https://avatars.mds.yandex.net/i?id=fefd2ca43523d954bc6e407fb65b5fd4_l-4982359-images-thumbs&n=13
204,https://avatars.mds.yandex.net/i?id=fbad87181d707d6ce3065ee5db854634_l-9657345-images-thumbs&n=13
205,https://avatars.mds.yandex.net/i?id=11e6a7d27f9913840c528ff3871e8fe8_l-8146771-images-thumbs&n=13
206,https://avatars.mds.yandex.net/i?id=302773d03a4775a459d93689833cf0c1_l-9225226-images-thumbs&n=13
207,https://avatars.mds.yandex.net/i?id=37c7b21c77590845a474ae055bb8ad23_l-12571073-images-thumbs&n=13
208,https://avatars.mds.yandex.net/i?id=6cc0f0036850dc02590611e157fab20c_l-9858823-images-thumbs&n=13
209,https://avatars.mds.yandex.net/i?id=22bea5d5c26bbd043b5d32e827d2fe1d_l-4872408-images-thumbs&n=13
210,https://avatars.mds.yandex.net/i?id=0ebfa6cc20b853206ab965239ef1477b-5219719-images-thumbs&n=13
211,https://avatars.mds.yandex.net/i?id=f36e8186d8cb08e2afa848d9c95a6959_l-10933531-images-thumbs&n=13
212,https://avatars.mds.yandex.net/i?id=ab701a987758187801cd5f57208721e1_l-4600454-images-thumbs&n=13
213,https://avatars.mds.yandex.net/i?id=a7a1d6834b0d0a26a1ffe019ead87d5d_l-5207778-images-thumbs&n=13
214,https://avatars.mds.yandex.net/i?id=e1aab604020586ff2d358e7c2b7421c9_l-8239440-images-thumbs&n=13
215,https://avatars.mds.yandex.net/i?id=1538a5c89aae2cd230e2bb0b16fe98d7_l-10310276-images-thumbs&n=13
216,https://avatars.mds.yandex.net/i?id=2c188de860d40786c2f4301e959dc30a_l-5436907-images-thumbs&n=13
217,https://avatars.mds.yandex.net/i?id=69da3a2bf79c8f0fbeb1aa176fd0f67b_l-4767137-images-thumbs&n=13
218,https://www.pngitem.com/pimgs/m/258-2580819_memes-transparent-cat-face-png-png-download.png
219,https://avatars.mds.yandex.net/i?id=0e459ec6cd70444ed44d2d0d0de83dd1_l-4820710-images-thumbs&n=13
220,https://avatars.mds.yandex.net/i?id=b69387792d1821139fee3e64e92af5a6_l-9216096-images-thumbs&n=13
221,https://avatars.mds.yandex.net/i?id=502b5eb0b6738408042b25c1a652f238_l-5210768-images-thumbs&n=13
222,https://avatars.mds.yandex.net/i?id=e5a75f46ed6f0d018f292236b7cac683_l-8899644-images-thumbs&n=13
223,https://avatars.mds.yandex.net/i?id=2f87860fd96cca74efd907963e5a721f_l-6430644-images-thumbs&n=13
224,https://i.pinimg.com/originals/61/d4/b0/61d4b0846462a0a95066e797f4a25d2a.jpg
225,https://avatars.mds.yandex.net/i?id=234585b399a3e9af4ef6ec0b461b3c89_l-5225414-images-thumbs&n=13
226,https://i.pinimg.com/originals/a6/7e/5c/a67e5c95c5b4464167873856146e3c95.png
227,https://avatars.mds.yandex.net/i?id=41931185496958429a3179930707fe26_l-5426798-images-thumbs&n=13
228,https://i.pinimg.com/originals/52/d5/c5/52d5c530480eb52256b998a524a15777.jpg
229,https://avatars.mds.yandex.net/i?id=78262e9a0ebf1f4d1c0c88259ddb58b8_l-4987817-images-thumbs&n=13
230,https://avatars.mds.yandex.net/i?id=7b8bc8215068a63a0d57b3d7dda00e77_l-4892807-images-thumbs&n=13
231,https://avatars.mds.yandex.net/i?id=2687fad458d2696f764e3bded3b947f8_l-10313458-images-thumbs&n=13
232,https://avatars.mds.yandex.net/i?id=6239558cefce89dc39845b12f070d38a_l-5287954-images-thumbs&n=13
233,https://avatars.mds.yandex.net/i?id=d9408895b3812eafad709c8b4aa074df_l-4985796-images-thumbs&n=13
234,https://avatars.mds.yandex.net/i?id=ae8dff42a0539ddbff82ecc251d07932_l-5236434-images-thumbs&n=13
235,https://avatars.mds.yandex.net/i?id=ac1f050648c23928f1793d1fed7d9396_l-4613298-images-thumbs&n=13
236,https://i.pinimg.com/originals/bd/59/aa/bd59aaeef049aaaa776034a6cf488035.png
237,https://avatars.mds.yandex.net/i?id=09f5ec66087845308d52708f0e2a7161_l-4824023-images-thumbs&n=13
238,https://avatars.mds.yandex.net/i?id=1ecae0b41cf7a89d46830b5ab5fb9337_l-12609997-images-thumbs&n=13
239,https://avatars.mds.yandex.net/i?id=bdcf93b75f347c9c796d2d979369216c-5233407-images-thumbs&n=13
240,https://i.pinimg.com/originals/e2/f5/a0/e2f5a01fc3c3e834a1d667563b196095.png
241,https://avatars.mds.yandex.net/i?id=c211834420ed06dbaeb097e65c7730c1_l-2920606-images-thumbs&n=13
242,https://avatars.mds.yandex.net/i?id=e6eb74c941b9a67ccfbeba64a1b8eacc_l-5876942-images-thumbs&n=13
243,https://avatars.mds.yandex.net/i?id=fff5ec51db2a9addfa3c87b6a52a3171_l-8208008-images-thumbs&n=13
244,https://avatars.mds.yandex.net/i?id=ec870cd1a42c943a73e14325e563840b_l-5220454-images-thumbs&n=13
245,https://avatars.mds.yandex.net/i?id=7f5cac893ef16b68d5050e00e3bb53ed_l-6997554-images-thumbs&n=13
246,https://avatars.mds.yandex.net/i?id=8d58104c3e18eb228a9d9d4f098180be_l-3850454-images-thumbs&n=13
247,https://wallpapers.com/images/file/corny-angry-cat-wallpaper-ziyiy8zjdqp13pds.jpg
248,https://avatars.mds.yandex.net/i?id=1bfe5abf77002fb485b67fdbc56604ce_l-5273084-images-thumbs&n=13
249,https://avatars.mds.yandex.net/i?id=6a548be4d0185b15096019bee87fed1e_l-5233584-images-thumbs&n=13
250,https://avatars.mds.yandex.net/i?id=6f59ae36796a71f0415787bc976357bb_l-10414886-images-thumbs&n=13
251,https://avatars.mds.yandex.net/i?id=0442268913ce3612c327ddc37f6ce9a2_l-10102345-images-thumbs&n=13
252,https://i.pinimg.com/originals/f6/b8/f0/f6b8f0a153c9eb1c62cf54c61c6a0115.png
253,https://avatars.mds.yandex.net/i?id=ca93895c46829463415f618707691375_l-7663003-images-thumbs&n=13
254,https://avatars.mds.yandex.net/i?id=5f45aa22aa7533b6b228322713f89892_l-5606130-images-thumbs&n=13
255,https://avatars.mds.yandex.net/i?id=9386317b2cdafcea78ed107724d2ac18_l-5251072-images-thumbs&n=13
256,https://avatars.mds.yandex.net/i?id=a73c9065292207ae2ff94eb37e6f7630_l-10677603-images-thumbs&n=13
257,https://avatars.mds.yandex.net/i?id=bc3a03a8c11011031819ccabdec1153c_l-4936065-images-thumbs&n=13
258,https://i.imgflip.com/3hgz5f.png
259,https://avatars.mds.yandex.net/i?id=7cd70abdc81c34f5cc039dc3630d6b9d_l-5700821-images-thumbs&n=13
260,https://avatars.mds.yandex.net/i?id=a2e08c5c5c21e57d4ece08a0c46943d5_l-7014788-images-thumbs&n=13
261,https://avatars.mds.yandex.net/i?id=5811cef0d792bd184b62345a4304a2f5_l-5311590-images-thumbs&n=13
262,https://avatars.mds.yandex.net/i?id=895ef12984045b90f16960d0e2fd8296_l-5222434-images-thumbs&n=13
263,https://i.pinimg.com/originals/4c/09/b4/4c09b427aa0e1f2807f6f3d3de636ec2.jpg
264,https://avatars.mds.yandex.net/i?id=5ea971db274aacba527def9382052e68_l-5856310-images-thumbs&n=13
265,https://avatars.mds.yandex.net/i?id=5083de47a556bcaceed4d04869048303_l-5234137-images-thumbs&n=13
266,https://avatars.mds.yandex.net/i?id=9872398bf8b19f3536eb5b5b516af6be_l-5496455-images-thumbs&n=13
267,https://avatars.mds.yandex.net/i?id=c76e0a15dc1a1aa1c01b4395d16c7431_l-4077357-images-thumbs&n=13
268,https://avatars.mds.yandex.net/i?id=16f72c0b9e77b002a9b6c4ff167d0530_l-4533077-images-thumbs&n=13
269,https://avatars.mds.yandex.net/i?id=44432ebe097c5978d710026e9d592045_l-9871231-images-thumbs&n=13
270,https://avatars.mds.yandex.net/i?id=92807ad9a28571ecfc036619a4ede13a_l-9856874-images-thumbs&n=13
271,https://media.tenor.com/Q6O6FN8oaGkAAAAd/dance-party-cat.gif
272,https://avatars.mds.yandex.net/i?id=7cbf6210d7cee23fed085e3f88ff0804_l-9837641-images-thumbs&n=13
273,https://avatars.mds.yandex.net/i?id=bc91271c44f1c80deaab198106e14623_l-10701575-images-thumbs&n=13
274,https://avatars.mds.yandex.net/i?id=1552b14eb99020b20224cc46f6af623e_l-7452498-images-thumbs&n=13
275,https://avatars.mds.yandex.net/i?id=4952cf132122bcdc0eb340f43c50d4a3_l-4829635-images-thumbs&n=13
276,https://avatars.mds.yandex.net/i?id=01f10ea4b45074b6d69d2139554a0eb2_l-5208943-images-thumbs&n=13
277,https://avatars.mds.yandex.net/i?id=58368a0d4ee3e14dba4e7930fd04c2e3_l-5230098-images-thumbs&n=13
278,https://avatars.mds.yandex.net/i?id=1d08f343a209ae8a59a24499cfc83354_l-5226853-images-thumbs&n=13
279,https://avatars.mds.yandex.net/i?id=cbbabecfe83ebd96d9834cc146caaae7_l-8901646-images-thumbs&n=13
280,https://avatars.mds.yandex.net/i?id=a27eb15e6a3dfecdbb5256f65743903d_l-8193383-images-thumbs&n=13
281,https://avatars.mds.yandex.net/i?id=7d75e1110e92aed46bac382cabe319c8_l-5231505-images-thumbs&n=13
282,https://avatars.mds.yandex.net/i?id=568e0282d4a1cfc7c3d9532dfc1515cc_l-5235301-images-thumbs&n=13
283,https://avatars.mds.yandex.net/i?id=ed2a0403f473de999d39602e5aea8ce5_l-9041932-images-thumbs&n=13
284,https://avatars.mds.yandex.net/i?id=9e381575354a63842bffb178f02830d5_l-5380459-images-thumbs&n=13
285,https://avatars.mds.yandex.net/i?id=19dfe56c1d791ae15ba2b380de4a25c1_l-4445006-images-thumbs&n=13
286,https://avatars.mds.yandex.net/i?id=8cd84a73688eb86c04b2609d4a9ea376_l-3449574-images-thumbs&n=13
287,https://avatars.mds.yandex.net/i?id=36831068dbb51e281a1f4f5186d57481_l-3932796-images-thumbs&n=13
288,https://avatars.mds.yandex.net/i?id=7f63175247fb957c787544f37d495eb5_l-4987773-images-thumbs&n=13
289,https://avatars.mds.yandex.net/i?id=b393824161b51c0ba1afb0f498337d0c_l-5870716-images-thumbs&n=13
290,https://avatars.mds.yandex.net/i?id=b0fed4e8e1b5ae6283d7ca50e033e8b6_l-5220800-images-thumbs&n=13
291,https://avatars.mds.yandex.net/i?id=d4c842178c8f9720820fbbb067f8b4ab_l-4382303-images-thumbs&n=13
292,https://avatars.mds.yandex.net/i?id=752432ed4db186e13420808652445f03_l-7801542-images-thumbs&n=13
293,https://avatars.mds.yandex.net/i?id=07596a93a59213c36cb69e63a3421946_l-5231453-images-thumbs&n=13
294,https://avatars.mds.yandex.net/i?id=be89a82c0c4244ab029de42968adb913_l-4027983-images-thumbs&n=13
295,https://avatars.mds.yandex.net/i?id=b1cb74a789a28dd56e1a5cb7df9dee24_l-5351585-images-thumbs&n=13
296,https://avatars.mds.yandex.net/i?id=a13b222b8470d9ebcef6a0b457ef1ade_l-9858735-images-thumbs&n=13
297,https://avatars.mds.yandex.net/i?id=3728f08ade040d8998dd8f6264393f61_l-4551637-images-thumbs&n=13
298,https://avatars.mds.yandex.net/i?id=b799fc9bdc1b3a57bae053b52b8ae9fb_l-5288174-images-thumbs&n=13
299,https://avatars.mds.yandex.net/i?id=94d33c3901c12e58483e220ec651e19b_l-8498221-images-thumbs&n=13
300,https://avatars.mds.yandex.net/i?id=18a445a074d3362d2b43e3710f789925_l-5208510-images-thumbs&n=13
301,https://avatars.mds.yandex.net/i?id=c7a9c3e47fbc4708333e6ef1caa99898_l-4936795-images-thumbs&n=13
302,https://avatars.mds.yandex.net/i?id=16ca44c85c02cbccbd830b5c48c844e5_l-5856310-images-thumbs&n=13
303,https://avatars.mds.yandex.net/i?id=3e888e3b0151185836228ec97eab5c86_l-5296267-images-thumbs&n=13
304,https://avatars.mds.yandex.net/i?id=bd28f535b28588076489fdfbbb806b6b_l-5235613-images-thumbs&n=13
305,https://avatars.mds.yandex.net/i?id=706dc42df154f691bf5a493370c504b6_l-5341407-images-thumbs&n=13
306,https://avatars.mds.yandex.net/i?id=d6191c01756b96c1b7a3a05ee99167bc_l-5101755-images-thumbs&n=13
307,https://avatars.mds.yandex.net/i?id=d80f91ec73628aa9d2764024a638ea13_l-4502683-images-thumbs&n=13
308,https://avatars.mds.yandex.net/i?id=aca9014b64340ef797124457bfaf831d_l-6002742-images-thumbs&n=13
309,https://avatars.mds.yandex.net/i?id=3f7f14ed5491e0780243f74f61850863_l-5179294-images-thumbs&n=13
310,https://avatars.mds.yandex.net/i?id=9101b1ae000b75c68512f0e7417d22b4_l-5331782-images-thumbs&n=13
311,https://avatars.mds.yandex.net/i?id=723bf28377fc894e69c7c91c6a79cae3_l-5236729-images-thumbs&n=13
312,https://i.pinimg.com/736x/48/01/8a/48018a13ca744ca45151f1629d8b307c.jpg
313,https://avatars.mds.yandex.net/i?id=6434f6bc06241a750385b38a108e4bd3_l-5235692-images-thumbs&n=13
314,https://i.pinimg.com/originals/a6/66/de/a666ded927f352bd166420960d54b084.png
315,https://avatars.mds.yandex.net/i?id=c49c9ca5d21d2c67ff5f5eb5613c99b0_l-8497538-images-thumbs&n=13
316,https://avatars.mds.yandex.net/i?id=0b6917b41c63b1d4881119a9f3ccc76d_l-9148863-images-thumbs&n=13
317,https://avatars.mds.yandex.net/i?id=d1728345d513f082dff60771c742f936_l-5205578-images-thumbs&n=13
318,https://avatars.mds.yandex.net/i?id=6eea58b6c163602fff78b303a8c678db_l-5258573-images-thumbs&n=13
319,https://avatars.mds.yandex.net/i?id=9bb3eba7c26bb0581cefea1a7a845e20_l-9599239-images-thumbs&n=13
320,https://avatars.mds.yandex.net/i?id=2d792560edce64930964e97fc0921c58_l-2459861-images-thumbs&n=13
321,https://avatars.mds.yandex.net/i?id=f4986c71f4136470d06ce86d71085d7d_l-8527116-images-thumbs&n=13
322,https://avatars.mds.yandex.net/i?id=3c2b8b1babf4e4fea55a5438d36e787d_l-9381177-images-thumbs&n=13
323,https://avatars.mds.yandex.net/i?id=279b537ef66c72cc9cd3fa0f2e29e3c3_l-4793215-images-thumbs&n=13
324,https://avatars.mds.yandex.net/i?id=dfe7eeab7ff8937625e16b8e0b45f7d1_l-5663261-images-thumbs&n=13
325,https://avatars.mds.yandex.net/i?id=2a898f46c1414f528c84ba0869757b86_l-5233468-images-thumbs&n=13
326,https://avatars.mds.yandex.net/i?id=37cf9756b266f0cbd1215c9cd9e44974_l-4431911-images-thumbs&n=13
327,https://avatars.mds.yandex.net/i?id=9a0f135479f8df2e018fce31e7240b40_l-4114739-images-thumbs&n=13
328,https://avatars.mds.yandex.net/i?id=33561cf06132c1155a8f8e375ed70ef2_l-5579871-images-thumbs&n=13
329,https://i.imgflip.com/t12kk.jpg
330,https://avatars.mds.yandex.net/i?id=b9e987e231759a04e67fe84d98d7ab63_l-5884225-images-thumbs&n=13
331,https://avatars.mds.yandex.net/i?id=cbc58469e9950761cda39c4eaab99bb5_l-5287653-images-thumbs&n=13
332,https://avatars.mds.yandex.net/i?id=fd86e386bcff13f480ee84a86431b11d_l-5289273-images-thumbs&n=13
333,https://avatars.mds.yandex.net/i?id=829e64f8f8e8aab7c860df3d426989a8_l-5316879-images-thumbs&n=13
334,https://i.pinimg.com/originals/19/53/15/195315a42451b0ee638246ac707c41f5.png
335,https://avatars.mds.yandex.net/i?id=c1b22c4794195d6edbd573424f246321_l-5280919-images-thumbs&n=13
336,https://avatars.mds.yandex.net/i?id=27ac27e0c93adcbc41ef00d078cd8032_l-5657913-images-thumbs&n=13
337,https://avatars.mds.yandex.net/i?id=897b364e80aa69a1abd7c02a23a75a36_l-3740767-images-thumbs&n=13
338,https://avatars.mds.yandex.net/i?id=27cfe3e68c974032ef3126548e80b0da_l-5450418-images-thumbs&n=13
339,https://avatars.mds.yandex.net/i?id=6338cfda2a4548fc25917c6d8a0329b0_l-7570837-images-thumbs&n=13
340,https://avatars.mds.yandex.net/i?id=7157de4d74961a3d8c0ebe4ded8afa79_l-9666026-images-thumbs&n=13
341,https://avatars.mds.yandex.net/i?id=3e21ec0e97af7b93f2af94cea6db5da8_l-7014180-images-thumbs&n=13
342,https://avatars.mds.yandex.net/i?id=d0dc99143f0c07121397f2c6396a9059_l-5275152-images-thumbs&n=13
343,https://avatars.mds.yandex.net/i?id=99c32143a971e084e49a54037b268510_l-9701297-images-thumbs&n=13
344,https://avatars.mds.yandex.net/i?id=8773a0cb7e407dd6203ac471c6aa634a_l-5353173-images-thumbs&n=13
345,https://avatars.mds.yandex.net/i?id=61d04d361b0e7c1c597cee8eebeb7fdd_l-5987336-images-thumbs&n=13
346,https://avatars.mds.yandex.net/i?id=ae8efbd489228895e423dc965e2a8543_l-5232111-images-thumbs&n=13
347,https://i.pinimg.com/originals/55/63/b5/5563b5180e69df2c39ddd26edb0d231b.png
348,https://avatars.mds.yandex.net/i?id=c7c1d48b8e4d06fc78276dfc59ccd3e9_l-10639912-images-thumbs&n=13
349,https://avatars.mds.yandex.net/i?id=7b756e1e5073c5bef85ea54756fcecc0_l-5235791-images-thumbs&n=13
350,https://avatars.mds.yandex.net/i?id=b26ae70eaed6b65fb3e07b2e369bbcd8_l-5232677-images-thumbs&n=13
351,https://i.imgflip.com/4m2xci.jpg
352,https://avatars.mds.yandex.net/i?id=15e8cfbfed5fc3ff2db72f7bf11e5bd1_l-4887547-images-thumbs&n=13
353,https://avatars.mds.yandex.net/i?id=a49dc86f5a12a2196f9a133c0bb2af2d_l-7564382-images-thumbs&n=13
354,https://avatars.mds.yandex.net/i?id=109bcb30ac6a61159293ca17c927edcf_l-10933751-images-thumbs&n=13
355,https://avatars.mds.yandex.net/i?id=4f30fff739ecb10ca2ba54a755d78a48_l-5875850-images-thumbs&n=13
356,https://avatars.mds.yandex.net/i?id=8f969c68ac1ea17483bbd95d2243b390_l-4599981-images-thumbs&n=13
357,https://avatars.mds.yandex.net/i?id=b8b92d10f7d4848f837f1f478c0a1d1a_l-5287757-images-thumbs&n=13
358,https://avatars.mds.yandex.net/i?id=1f4ca46ccb1c0ab4983c1b56a0ab1ed8_l-3915189-images-thumbs&n=13
359,https://avatars.mds.yandex.net/i?id=92c7764a0f140547a84a43b8ca18720b_l-10310841-images-thumbs&n=13
360,https://avatars.mds.yandex.net/i?id=69c3b711bcf0e53552a1be9d9819f9bc_l-10471913-images-thumbs&n=13
361,https://avatars.mds.yandex.net/i?id=fa467e407129dcd356d0441b2c421eda_l-5246707-images-thumbs&n=13
362,https://avatars.mds.yandex.net/i?id=7ae2c3524f1d494f8f1a3b579cdc12b2_l-9042801-images-thumbs&n=13
363,https://avatars.mds.yandex.net/i?id=5fa0ddc4ceb08ce9978f4a68c540b480_l-3821958-images-thumbs&n=13
364,https://avatars.mds.yandex.net/i?id=f0e89b2cb8879e05ddbbf65a0952c63c_l-4865634-images-thumbs&n=13
365,https://avatars.mds.yandex.net/i?id=abadd32a01b7295ad66207555a676c19_l-12486332-images-thumbs&n=13
366,https://avatars.mds.yandex.net/i?id=af2956837703a8ee58d13db5e62108d8_l-5233182-images-thumbs&n=13
367,https://avatars.mds.yandex.net/i?id=af724ff165d4fea7b2ce03e9df0ea23d_l-9856775-images-thumbs&n=13
368,https://avatars.mds.yandex.net/i?id=205ff1244a009e0d0eda2ec798525fff_l-5246350-images-thumbs&n=13
369,https://avatars.mds.yandex.net/i?id=ece54b1afafe68d7c2702dfd89344378_l-5113868-images-thumbs&n=13
370,https://avatars.mds.yandex.net/i?id=35818bda3b04fffe5f74856c1971c55e_l-5250085-images-thumbs&n=13
371,https://avatars.mds.yandex.net/i?id=899fb3225d8a7018f51196eadca1bacd_l-6966967-images-thumbs&n=13
372,https://avatars.mds.yandex.net/i?id=fcb163c2f425226ec234d531630e0508_l-5521534-images-thumbs&n=13
373,https://avatars.mds.yandex.net/i?id=4787441bcc11cd9b7192844125cf4a51_l-5323018-images-thumbs&n=13
374,https://avatars.mds.yandex.net/i?id=5aae79e2127af613fa8c391f63e4e81f_l-5235619-images-thumbs&n=13
375,https://avatars.mds.yandex.net/i?id=c408ef124d19a09f5a16e63284561580_l-5210586-images-thumbs&n=13
376,https://avatars.mds.yandex.net/i?id=02364ec14223b60f6b346a789987bb23_l-8193216-images-thumbs&n=13
377,https://avatars.mds.yandex.net/i?id=19408d06d2ef81dd4d3cc242ccf31cf9_l-5221733-images-thumbs&n=13
378,https://avatars.mds.yandex.net/i?id=aa9727ab849ed286f7356ddac36520e9_l-5190812-images-thumbs&n=13
379,https://avatars.mds.yandex.net/i?id=0718ffa51c9de69939f9a383d923dc01_l-9181440-images-thumbs&n=13
380,https://avatars.mds.yandex.net/i?id=da52e82763d177a118a5c405209824df_l-8185147-images-thumbs&n=13
381,https://avatars.mds.yandex.net/i?id=2691d38debddfe8ef72aa83fc36dad07_l-4120605-images-thumbs&n=13
382,https://r4.wallpaperflare.com/wallpaper/641/112/987/movies-cats-shrek-hats-puss-in-boots-1920x1072-animals-cats-hd-art-wallpaper-94d4afa044215d68fe47420403eb7016.jpg
383,https://avatars.mds.yandex.net/i?id=fda525a714767afd54a15f32ef715bdf_l-7011588-images-thumbs&n=13
384,https://avatars.mds.yandex.net/i?id=23b42b64374be780e418bf9b453de97a_l-5275813-images-thumbs&n=13
385,https://avatars.mds.yandex.net/i?id=39209ac1f52876ae72297698bccedaa1_l-5685421-images-thumbs&n=13
386,https://avatars.mds.yandex.net/i?id=53fcffc4bfd705dd5c9d5e7f26ad9c0e_l-5856211-images-thumbs&n=13
387,https://avatars.mds.yandex.net/i?id=f856aa4ac02a1e3b0e4ba9f2ed69bdbc_l-7570837-images-thumbs&n=13
388,https://avatars.mds.yandex.net/i?id=2582569d3d554419109261bf570f8a02_l-5129671-images-thumbs&n=13
389,https://avatars.mds.yandex.net/i?id=3f3918b00ba7ecc8b04abc4456542951_l-5233095-images-thumbs&n=13
390,https://avatars.mds.yandex.net/i?id=b3211f6d0fd0bc59b83b8ad62b0cfcb6_l-2454879-images-thumbs&n=13
391,https://i.pinimg.com/originals/6b/11/8a/6b118a2b847c78c0d534625c1020a522.png
392,https://i.pinimg.com/originals/6b/3b/09/6b3b0935b369b613cef3ab3ef1bde132.jpg
393,https://avatars.mds.yandex.net/i?id=18bc4d71ea557f51a66904476f5aae16_l-5118143-images-thumbs&n=13
394,https://avatars.mds.yandex.net/i?id=489ab54fed2c2fa104de43c08a313a20_l-5268869-images-thumbs&n=13
395,https://avatars.mds.yandex.net/i?id=cd4b6408625ab8cf4f2df78be4cdc9b4_l-10104341-images-thumbs&n=13
396,https://avatars.mds.yandex.net/i?id=bb843688e5b34c03815632ebc3a84f4b_l-5492883-images-thumbs&n=13
397,https://avatars.mds.yandex.net/i?id=6a85b8730850f27a592b314900d6823d_l-8235455-images-thumbs&n=13
398,https://avatars.mds.yandex.net/i?id=45ba5fd4df762c664f98da60ca2c7547_l-4518681-images-thumbs&n=13
399,https://avatars.mds.yandex.net/i?id=9a0bf916917896bd6ff3937bd50404d1_l-5318647-images-thumbs&n=13
400,https://avatars.mds.yandex.net/i?id=fdfc09009e9cf0fae122056a7dbe4622_l-9097932-images-thumbs&n=13
401,https://avatars.mds.yandex.net/i?id=1b6bf992313c078a51fc952526c416ce_l-5362633-images-thumbs&n=13
402,https://avatars.mds.yandex.net/i?id=cea5172c29072f830c88a04717fcf0b9_l-5233538-images-thumbs&n=13
403,https://avatars.mds.yandex.net/i?id=fb26aa534145cdd5b2bb26d9a8384478_l-9877580-images-thumbs&n=13
404,https://avatars.mds.yandex.net/i?id=5fdcce33e8a7cf901c01570f7d9a19b6_l-5222263-images-thumbs&n=13
405,https://yt3.googleusercontent.com/_j1X64HyqHVbPTEuvdXRx3bhKrDPt8UNaN8zMQfGonbKWevP2LehHoFMW01srHMbQxKmxLFM_Vo=s900-c-k-c0x00ffffff-no-rj
406,https://avatars.mds.yandex.net/i?id=3cf7e0205cb20617f0b3812a32b0ac70_l-5333776-images-thumbs&n=13
407,https://avatars.mds.yandex.net/i?id=85ba893f9d640c4af0122f64d39f582b_l-7758299-images-thumbs&n=13
408,https://avatars.mds.yandex.net/i?id=1a34d9caeda9601745bf9c51e73c58da_l-5858632-images-thumbs&n=13
409,https://avatars.mds.yandex.net/i?id=131fc1ab2e54c67154c5b3f21fc0a3cb_l-12608381-images-thumbs&n=13
410,https://avatars.mds.yandex.net/i?id=50450f4ad16dc85c0258671a0ac15d77_l-4146380-images-thumbs&n=13
411,https://avatars.mds.yandex.net/i?id=525fffecbfa78542dc3ac824c63f7bf1_l-4817585-images-thumbs&n=13
412,https://avatars.mds.yandex.net/i?id=9eddc6e4413896b24b0926dd8517ea4b_l-5364211-images-thumbs&n=13
413,https://avatars.mds.yandex.net/i?id=2e635ae5a6657b73782b77b321af7021_l-5208330-images-thumbs&n=13
414,https://avatars.mds.yandex.net/i?id=b5f5adcc1a2f89d9f3747cb6624db1c8_l-5234404-images-thumbs&n=13
415,https://avatars.mds.yandex.net/i?id=01902c4d2a4befac5e4af9d937f75f7a_l-5232197-images-thumbs&n=13
416,https://avatars.mds.yandex.net/i?id=e171cf85754b12cfd2e0bfc9259a6dca_l-11395047-images-thumbs&n=13
417,https://avatars.mds.yandex.net/i?id=78c64dc838fbcf3854f2a02dc1da8a28_l-10870279-images-thumbs&n=13
418,https://avatars.mds.yandex.net/i?id=1bdf33354faaa585f9f6b7964f68f10a_l-4571959-images-thumbs&n=13
419,https://avatars.mds.yandex.net/i?id=21bc040d71d7d23cecb3711385bd104b_l-5340801-images-thumbs&n=13
420,https://avatars.mds.yandex.net/i?id=bcd2d81bf5be2a8b6ada89a98f0cdefc_l-4231170-images-thumbs&n=13
421,https://avatars.mds.yandex.net/i?id=1ceffaca8f81e026f12dea5c00c3b157_l-12423753-images-thumbs&n=13
422,https://avatars.mds.yandex.net/i?id=e2a9e0ce8df83977a73315e6acf0725f_l-9044919-images-thumbs&n=13
423,https://avatars.mds.yandex.net/i?id=611494df34e6111bd7ff5e13df565d1f_l-5292008-images-thumbs&n=13
424,https://avatars.mds.yandex.net/i?id=3124ac08d9583dd403e4f053f0a625bd_l-5495958-images-thumbs&n=13
425,https://avatars.mds.yandex.net/i?id=f1ef1ce613a567f64e789310837fca8e_l-10023438-images-thumbs&n=13
426,https://avatars.mds.yandex.net/i?id=9c352afd224955a2de6f6fbc3fb09608_l-7545599-images-thumbs&n=13
427,https://avatars.mds.yandex.net/i?id=af0887f9267ec3d7fcbd739b7f8dc0d3_l-5131410-images-thumbs&n=13
428,https://avatars.mds.yandex.net/i?id=302dd38d1983d30f0af29ae187059b52_l-3612431-images-thumbs&n=13
429,https://avatars.mds.yandex.net/i?id=62f99ffda8f0a3b5b9164cc9585a8211_l-4600463-images-thumbs&n=13
430,https://avatars.mds.yandex.net/i?id=8b8c9f3536af91e57f6b36d8f42aaa85_l-4120686-images-thumbs&n=13
431,https://i.pinimg.com/originals/e3/02/17/e3021710b73ddf192cdb68a2d40ddae4.png
432,https://i.imgflip.com/n00n6.jpg
433,https://avatars.mds.yandex.net/i?id=e58b33e786af35eafddf63c9ddc6510b_l-7757653-images-thumbs&n=13
434,https://avatars.mds.yandex.net/i?id=bd463686ecbc9dd35a84e5f760c5a095_l-3723805-images-thumbs&n=13
435,https://i.pinimg.com/originals/e8/8e/0b/e88e0b475e253479fcb37cc7ed3575d5.png
436,https://avatars.mds.yandex.net/i?id=bd4e2d1ca90d73e343158bfdf174c962_l-9044040-images-thumbs&n=13
437,https://avatars.dzeninfra.ru/get-zen_doc/5288931/pub_62a0dc0efd602648b1d4104d_62a0ef6c1cf806034586f512/scale_1200
438,https://avatars.mds.yandex.net/i?id=c2398af3710fcc405140c2790a625764_l-5222088-images-thumbs&n=13
439,https://avatars.mds.yandex.net/i?id=07a60913c015c6f7a356e4aab2180ecf_l-5284808-images-thumbs&n=13
440,https://avatars.mds.yandex.net/i?id=bb4da6b0a687f4f8c3755641b6f9e912_l-5876724-images-thumbs&n=13
441,https://avatars.mds.yandex.net/i?id=9fd06d293140e66ca143aff35bf0c4e3_l-5240525-images-thumbs&n=13
442,https://avatars.mds.yandex.net/i?id=a46029ab15b258d19f89a0df53203fda_l-2398678-images-thumbs&n=13
443,https://yt3.googleusercontent.com/ytc/AIf8zZRk3PK3k61jMlsaZRXWpTpg7MiWdnKl0RFSlI5J=s900-c-k-c0x00ffffff-no-rj
444,https://avatars.mds.yandex.net/i?id=604ede3f211445813152b515ebe3be02_l-4240956-images-thumbs&n=13
445,https://avatars.mds.yandex.net/i?id=13584fb5e3ad4d283db006dd732e6856_l-4546571-images-thumbs&n=13
446,https://avatars.mds.yandex.net/i?id=793c243594c3b4a5f1ea0967ed9f9984_l-5271179-images-thumbs&n=13
447,https://avatars.mds.yandex.net/i?id=3e661756b0e002ec26af4e386c6dcbc8_l-6403119-images-thumbs&n=13
448,https://1.bp.blogspot.com/-CcAXkLv8NOg/URWyBImsXFI/AAAAAAAACcU/glm2DDsVat4/s1600/LickMyLips1.gif
449,https://cdn.gigi.click/data/upload/UID1722163_1619355650_2.jpg
450,https://avatars.mds.yandex.net/i?id=8c7c216ce12a4b61b6af0244d3e0035b_l-9820447-images-thumbs&n=13
451,https://clipart-library.com/images_k/cat-face-transparent/cat-face-transparent-16.png
452,https://avatars.mds.yandex.net/i?id=50941d7e25c0590d6092b12623195a73_l-9181123-images-thumbs&n=13
453,https://avatars.mds.yandex.net/i?id=ce30fccc38ca2e00b8abd7f3a19e710e_l-5342217-images-thumbs&n=13
454,https://avatars.mds.yandex.net/i?id=72b0b86c01da1d1954b0983e7772d171_l-5107328-images-thumbs&n=13
455,https://image.emojisky.com/944/81944-middle.png
456,https://avatars.mds.yandex.net/i?id=f38e7ac28b260ad3428e3779e9ce659b_l-4753661-images-thumbs&n=13
457,https://avatars.mds.yandex.net/i?id=f32cdb02182bdc6cbfe9bfc4780aabc0_l-5220648-images-thumbs&n=13
458,https://avatars.mds.yandex.net/i?id=579b0aff6ed96b1791cd726821be916f_l-4866546-images-thumbs&n=13
459,https://avatars.mds.yandex.net/i?id=d0d62a07ce3ba067dab01fb0c6fdb969_l-5457573-images-thumbs&n=13
460,https://avatars.mds.yandex.net/i?id=4a7b8eea4f6ba75cc1d9cae88eebb6da_l-4590062-images-thumbs&n=13
461,https://avatars.mds.yandex.net/i?id=6db652aad9da47e226ed3496dd0852b1_l-2772079-images-thumbs&n=13
462,https://avatars.mds.yandex.net/i?id=44bf65157e7c677bdc1ca27974d55181_l-5248034-images-thumbs&n=13
463,https://avatars.mds.yandex.net/i?id=346da386016c68982dcc28643a3fb38e_l-8497835-images-thumbs&n=13
464,https://avatars.mds.yandex.net/i?id=03cb264f108c57ec1ffc0412c63d2d3c_l-8564680-images-thumbs&n=13
465,https://www.meme-arsenal.com/memes/0b998229ef549e0b3b8dfb4bc35e7a42.jpg
466,https://avatars.mds.yandex.net/i?id=a04d133ef8f40e959815467e45438fe0_l-5220968-images-thumbs&n=13
467,https://avatars.mds.yandex.net/i?id=ab75a16095311f4517764e36352d7d7a_l-4372093-images-thumbs&n=13
468,https://avatars.mds.yandex.net/i?id=c44d8f5ff76854cb37d88dc913a407d7_l-9700546-images-thumbs&n=13
469,https://avatars.mds.yandex.net/i?id=fa7019b4ee58276a9617535701bdf874_l-5231983-images-thumbs&n=13
470,https://avatars.mds.yandex.net/i?id=296d7070c2d50b2bef4bb3a25be3dbed_l-10814916-images-thumbs&n=13
471,https://avatars.mds.yandex.net/i?id=901dbe255f92c9a7f8384b8f579c3340_l-9625733-images-thumbs&n=13
472,https://avatars.mds.yandex.net/i?id=43a3ddfc44ab3e34d06e6b217b0dcdb4_l-4553989-images-thumbs&n=13
473,https://avatars.mds.yandex.net/i?id=b298736d647a599d385561121ab7ae4a_l-8492330-images-thumbs&n=13
474,https://avatars.mds.yandex.net/i?id=2fa35b91f8cc23942e011f9b69f22591_l-4228606-images-thumbs&n=13
475,https://avatars.mds.yandex.net/i?id=970cbfec92fba5847a0fabcdbb11e488_l-9053045-images-thumbs&n=13
476,https://avatars.mds.yandex.net/i?id=8d8559cef707e584b0866c5b96e8f8a9_l-5129388-images-thumbs&n=13
477,https://avatars.mds.yandex.net/i?id=1c9e36e950223b80a13e305529eea1e2_l-5258428-images-thumbs&n=13
478,https://avatars.mds.yandex.net/i?id=17cf03d8f8f951a6286e8f77b71d2da7_l-9221149-images-thumbs&n=13
479,https://avatars.mds.yandex.net/i?id=5165787b0bab2680bca0dcb5641f0d44_l-5236988-images-thumbs&n=13
480,https://avatars.mds.yandex.net/i?id=fa8884570edabedcb17cc09d426e238f_l-5878500-images-thumbs&n=13
481,https://avatars.mds.yandex.net/i?id=d82bd1b870342ad5ed7d98f96740e439_l-5116917-images-thumbs&n=13
482,https://avatars.mds.yandex.net/i?id=df9bae9896fc60f01e174cc538afac73_l-4502683-images-thumbs&n=13
483,https://avatars.mds.yandex.net/i?id=b8311edc735906113d2df6f3002665b1_l-6229182-images-thumbs&n=13
484,https://avatars.mds.yandex.net/i?id=e3899925144a0ec9db90ca022c4455a5_l-4219415-images-thumbs&n=13
485,https://avatars.mds.yandex.net/i?id=5c436d36f49aae6e4a2eab01f54c4e07_l-4518481-images-thumbs&n=13
486,https://avatars.mds.yandex.net/i?id=b5442e93e22b113abcfe60949f23c55f_l-4825035-images-thumbs&n=13
487,https://avatars.mds.yandex.net/i?id=b3dafe8e8926a980c78425c6cfaf85b6_l-4900773-images-thumbs&n=13
488,https://avatars.mds.yandex.net/i?id=fa083155282e5c798332d63e4bdd43c8_l-5274026-images-thumbs&n=13
489,https://avatars.mds.yandex.net/i?id=54f6c87aadae566dcc48f37bc3c01aff-4612841-images-thumbs&n=13
490,https://avatars.mds.yandex.net/i?id=de8551a68bd10295038a5f33371c1053_l-8829620-images-thumbs&n=13
491,https://avatars.mds.yandex.net/i?id=d719b97beb4777afa80bc8df1a164da1_l-10603993-images-thumbs&n=13
492,https://avatars.mds.yandex.net/i?id=28fd80c1eae5310f12591dc5f47d147a_l-8264494-images-thumbs&n=13
493,https://avatars.mds.yandex.net/i?id=0ec2b2ff98869cf3a912ffb7caaa2f2c_l-5319478-images-thumbs&n=13
494,https://avatars.mds.yandex.net/i?id=c8a01e52d086c44b4f2328d816e851f5_l-9245043-images-thumbs&n=13
495,https://avatars.mds.yandex.net/i?id=6379a6920b5309004c2c9df93273e750_l-8492261-images-thumbs&n=13
496,https://avatars.mds.yandex.net/i?id=1277bbdfe827a47a6be33e475512f7d8_l-7458047-images-thumbs&n=13
497,https://avatars.mds.yandex.net/i?id=46b416c2ca7d1d3b9be060defb6e54e3_l-8187788-images-thumbs&n=13
498,https://avatars.mds.yandex.net/i?id=fe22606d1edfaacda51a7851fb9c0e51_l-12519862-images-thumbs&n=13
499,https://avatars.mds.yandex.net/i?id=572f64cbe34a771ea93c6a2ca1444e99_l-5876357-images-thumbs&n=13
500,https://avatars.mds.yandex.net/i?id=b30cabf3a0b5377803f0d97103b14dd9_l-4236999-images-thumbs&n=13
501,https://avatars.mds.yandex.net/i?id=0d09623b3846478ac5ca80533c6c5ab8_l-5337150-images-thumbs&n=13
502,https://avatars.mds.yandex.net/i?id=5087cd7a1098ed1cba1aa003d227eca1_l-9222747-images-thumbs&n=13
503,https://avatars.mds.yandex.net/i?id=6021cf9faec33de9ff57ba5dc149f7b0_l-5118143-images-thumbs&n=13
504,https://avatars.mds.yandex.net/i?id=2571949788bfcd4806a4c0dbe335e834_l-5232636-images-thumbs&n=13
505,https://avatars.mds.yandex.net/i?id=54c96d79f2099402044cabb7ead124d9_l-7755895-images-thumbs&n=13
506,https://avatars.mds.yandex.net/i?id=06bc0db4544c314e903a344b319d1157_l-5179939-images-thumbs&n=13
507,https://avatars.mds.yandex.net/i?id=420a10ad6af943c74db18442ea3765f8_l-5234434-images-thumbs&n=13
508,https://avatars.mds.yandex.net/i?id=030098cf13f48ef4e554f39a7b240d15_l-7762396-images-thumbs&n=13
509,https://avatars.mds.yandex.net/i?id=78348012bf1b28b2839cf0ad8e3f728d_l-8148275-images-thumbs&n=13
510,https://avatars.mds.yandex.net/i?id=6c161f6c123f904aaae3f9b7fd3647f6_l-5421557-images-thumbs&n=13
511,https://avatars.mds.yandex.net/i?id=10fc5fb964d043fa346f8e354565745f_l-4571515-images-thumbs&n=13
512,https://avatars.mds.yandex.net/i?id=cadf803faa99743881f2b70e8f9fc8d4_l-5239800-images-thumbs&n=13
513,https://avatars.mds.yandex.net/i?id=edcbc45d58ff5db8d6174e174de39991_l-5265479-images-thumbs&n=13
514,https://www.meme-arsenal.com/memes/6fd03a94e43056c68b9e6085abf6f976.jpg
515,https://avatars.mds.yandex.net/i?id=8868146ca648a529ad84b9ba97eb8aa9_l-5425877-images-thumbs&n=13
516,https://avatars.mds.yandex.net/i?id=68004bce201478c936fe463b471aadb1_l-7564157-images-thumbs&n=13
517,https://avatars.mds.yandex.net/i?id=5e307fdb2b7b1698988e557e67ac4fff_l-4080015-images-thumbs&n=13
518,https://i.pinimg.com/originals/a3/b8/5c/a3b85c97a71b549904c12b13eaf1c493.png
519,https://avatars.mds.yandex.net/i?id=6c73bc6df4230080572faa7d6b743968_l-5231989-images-thumbs&n=13
520,https://avatars.mds.yandex.net/i?id=d2739512d9601e1b880d0eefc4bef2ed_l-8564995-images-thumbs&n=13
521,https://avatars.mds.yandex.net/i?id=da8e0197fdbb69de2412de7a5efa6921_l-4432759-images-thumbs&n=13
522,https://avatars.mds.yandex.net/i?id=3795b597aa9e5b0382c41453b8adb515_l-6917316-images-thumbs&n=13
523,https://avatars.mds.yandex.net/i?id=d648381f2988ca30989af3faa8165517_l-4387356-images-thumbs&n=13
524,https://avatars.mds.yandex.net/i?id=974e258930425c45fdb1c3090c6beffe_l-4865680-images-thumbs&n=13
525,https://avatars.mds.yandex.net/i?id=8acf00644c2e4d550aeff2c7ddadd480_l-5427399-images-thumbs&n=13
526,https://avatars.mds.yandex.net/i?id=dee032b7edebcc6b0ed5fd9e8205f0d8_l-5874318-images-thumbs&n=13
527,https://avatars.mds.yandex.net/i?id=cc1608cfc21dd1fbd022102e3acf8f6b_l-5656636-images-thumbs&n=13
528,https://avatars.mds.yandex.net/i?id=b3f99fbae921b7c6a0711433d81456b0_l-10304277-images-thumbs&n=13
529,https://avatars.mds.yandex.net/i?id=11049ce0531874b431f24ce4d436c9ee_l-7731990-images-thumbs&n=13
530,https://i.pinimg.com/originals/12/79/62/12796238dd185ce86c456dbacec725b1.png
531,https://avatars.mds.yandex.net/i?id=44a8eb231eb7f4f3cf0a9b5f86480eec_l-5424876-images-thumbs&n=13
532,https://avatars.mds.yandex.net/i?id=3bfe10645bc866f14e9bba930c087339_l-5208951-images-thumbs&n=13
533,https://avatars.mds.yandex.net/i?id=6b03a94d325b238a28510332eeadbc93_l-5723070-images-thumbs&n=13
534,https://avatars.mds.yandex.net/i?id=09838dd10c5e6548b0d28d02954f2593_l-5899740-images-thumbs&n=13
535,https://avatars.mds.yandex.net/i?id=6951e6375127a53616f3dc053fe2f538_l-9083123-images-thumbs&n=13
536,https://avatars.mds.yandex.net/i?id=5b79dd9ad4c7a6ceff8399757115d4b1_l-5234286-images-thumbs&n=13
537,https://avatars.mds.yandex.net/i?id=e3ccbad6b69b604e6c602f395d72cdc9_l-4767024-images-thumbs&n=13
538,https://avatars.mds.yandex.net/i?id=e4df2c375fa5d0ee5426e026e3d8cbfb_l-10767497-images-thumbs&n=13
539,https://avatars.mds.yandex.net/i?id=21298a195f58baafcaecc536d4356ca9_l-8497013-images-thumbs&n=13
540,https://i.pinimg.com/originals/34/fe/6d/34fe6ddc6f5e8aaf78f395151246a18e.png
541,https://avatars.mds.yandex.net/i?id=57c0d1a8e013f557bec483a618d5fde2_l-5252183-images-thumbs&n=13
542,https://avatars.mds.yandex.net/i?id=912b8d6b10e23e51b325bb1d30b00a3e_l-7185373-images-thumbs&n=13
543,https://avatars.mds.yandex.net/i?id=695ca1a2ee6099a8305e2152251e80b4_l-5341249-images-thumbs&n=13
544,https://avatars.mds.yandex.net/i?id=a0ba4c988a20b066a125b6f4af5e513e_l-5904657-images-thumbs&n=13
545,https://avatars.mds.yandex.net/i?id=39f9669b2a7b70c37a9a28ff5f4c8b22_l-5280579-images-thumbs&n=13
546,https://avatars.mds.yandex.net/i?id=a7571cf1b1fd408d8d8b1b499e71177d_l-4240956-images-thumbs&n=13
547,https://avatars.mds.yandex.net/i?id=d9f1f21443ad0493214437e7ac87d39c_l-10755803-images-thumbs&n=13
548,https://avatars.mds.yandex.net/i?id=fc9c60ec01c3c7ccadee50faf54038e0_l-4080866-images-thumbs&n=13
549,https://avatars.mds.yandex.net/i?id=2873ad6590f492fdf2f8f6c5892ffa82_l-5226501-images-thumbs&n=13
550,https://avatars.mds.yandex.net/i?id=ee86016fc4134bd161d6708c1cdf9708_l-5858290-images-thumbs&n=13
551,https://avatars.mds.yandex.net/i?id=87b57a1ae808eb3aa1c6777b8f9f1ba7_l-6428875-images-thumbs&n=13
552,https://avatars.mds.yandex.net/i?id=2ab50e9c2b6a93c2684053c7d6eb728c_l-8000127-images-thumbs&n=13
553,https://avatars.mds.yandex.net/i?id=5e0e537580b9d49c636716d0d3917725_l-4076784-images-thumbs&n=13
554,https://avatars.mds.yandex.net/i?id=1be8ad1aabe8103a57fdf038eb62e546_l-7598369-images-thumbs&n=13
555,https://avatars.mds.yandex.net/i?id=7eadd9679939cd8502b6b4f1c4c5cd1f_l-5238557-images-thumbs&n=13
556,https://avatars.mds.yandex.net/i?id=41b9c6a40576fca84012a706a725a1bf_l-4404406-images-thumbs&n=13
557,https://avatars.mds.yandex.net/i?id=ed07c5da453f94e9dd92117c44a7be9f_l-4535954-images-thumbs&n=13
558,https://avatars.mds.yandex.net/i?id=2636ee65d2eb14942ba6b7e8c7818e23_l-5221154-images-thumbs&n=13
559,https://avatars.mds.yandex.net/i?id=72f5e54cbae9c8d5cce67f7186c6a306_l-9843251-images-thumbs&n=13
560,https://avatars.mds.yandex.net/i?id=9380062f29561280c55151284e91635f_l-9238131-images-thumbs&n=13
561,https://avatars.mds.yandex.net/i?id=9cfc28a5e01306f9e6c95552d8226cd4_l-5291151-images-thumbs&n=13
562,https://avatars.mds.yandex.net/i?id=f5b48fa133d8419b7b4567aecf50de76_l-4551895-images-thumbs&n=13
563,https://avatars.mds.yandex.net/i?id=ee399dac96a9e916cef5e2ac01429fe5_l-9069209-images-thumbs&n=13
564,https://i.imgflip.com/39xozx.jpg
565,https://avatars.mds.yandex.net/i?id=03d7461cd74f4ec5fed4b7710f1a58ab_l-4958745-images-thumbs&n=13
566,https://avatars.mds.yandex.net/i?id=f39740b2a6a7b52be6f6135bf5104912_l-5485957-images-thumbs&n=13
567,https://avatars.mds.yandex.net/i?id=3ea5b7d854ba81e4e7b0bf4984d65021_l-5276057-images-thumbs&n=13
568,https://avatars.mds.yandex.net/i?id=42d92d0aa7f9f09f6ac93f4225678931_l-9112075-images-thumbs&n=13
569,https://avatars.mds.yandex.net/i?id=34d9e61f22895eb071e4ee5b4531bdb9_l-9699933-images-thumbs&n=13
570,https://avatars.mds.yandex.net/i?id=1c721044e1c4df8115d53c85527f38a6_l-5311889-images-thumbs&n=13
571,https://avatars.mds.yandex.net/i?id=abb6e779d8a7f0864a8231428fae8719_l-5236250-images-thumbs&n=13
572,https://avatars.mds.yandex.net/i?id=73dd2affa4e8f2814d569de87adc2687_l-5843498-images-thumbs&n=13
573,https://avatars.mds.yandex.net/i?id=1429fff790c5012d751ed7876bfb6dbd_l-4460510-images-thumbs&n=13
574,https://avatars.mds.yandex.net/i?id=1b08dee5b98e4e727713b212778a3e01_l-8210460-images-thumbs&n=13
575,https://avatars.mds.yandex.net/i?id=c9e6d5225b48b3d5ff194cb1e3b78367_l-5099622-images-thumbs&n=13
576,https://avatars.mds.yandex.net/i?id=8298e70ab91f2f07b8f005854811d974_l-5849765-images-thumbs&n=13
577,https://avatars.mds.yandex.net/i?id=57df8dcf5d6e34fae2913615e4cf102e_l-5296267-images-thumbs&n=13
578,https://avatars.mds.yandex.net/i?id=878d6f8884bdd8f33b4eea1d67b46fec_l-5249092-images-thumbs&n=13
579,https://avatars.mds.yandex.net/i?id=161df1d450d35c7fd6854b688345d868_l-4706878-images-thumbs&n=13
580,https://avatars.mds.yandex.net/i?id=5724a00fdfa838d298f9702f432d9d01_l-5655335-images-thumbs&n=13
581,https://avatars.mds.yandex.net/i?id=0568e3d0d658c8f095efa10ef7a11a18_l-5473912-images-thumbs&n=13
582,https://minecraftch.ru/uploads/posts/2023-12/1703190048_dufdnvtvqaa2oss.jpg
583,https://avatars.mds.yandex.net/i?id=31dfb70b431c5674a2064f88a3c08bc7_l-10071204-images-thumbs&n=13
584,https://avatars.mds.yandex.net/i?id=89a175d456cd74049f040a0601d0f8e3_l-6906583-images-thumbs&n=13
585,https://i.pinimg.com/originals/d1/2d/fb/d12dfb68ba2a519b078c0fc60e2d3ab3.png
586,https://avatars.mds.yandex.net/i?id=dfd1290785db9b324535b851aaf19d35_l-4079525-images-thumbs&n=13
587,https://avatars.mds.yandex.net/i?id=44f18fe6f17c9cf91bc5bd73c4f93255_l-5255455-images-thumbs&n=13
588,https://avatars.mds.yandex.net/i?id=489c966fcab03d5d2158e0c3dbaa9f51_l-5232881-images-thumbs&n=13
589,https://avatars.mds.yandex.net/i?id=278d2a3cad5762587e782060da3a1d34_l-8225729-images-thumbs&n=13
590,https://avatars.mds.yandex.net/i?id=11ac0d0874f488903a1971323a951d9f_l-4953031-images-thumbs&n=13
591,https://avatars.mds.yandex.net/i?id=5fc1f99c3530ff8bfbfa058ec3c931d5_l-7755899-images-thumbs&n=13
592,https://avatars.mds.yandex.net/i?id=ed24ef8c31a9a4a6bc1c6fa811c973bd_l-5331627-images-thumbs&n=13
593,https://avatars.mds.yandex.net/i?id=eec1028b569624c90a4ffddcb2b3f4b4_l-6536283-images-thumbs&n=13
594,https://avatars.mds.yandex.net/i?id=29014ea87496f2c9bb6fe91873f93f63_l-5110174-images-thumbs&n=13
595,https://avatars.mds.yandex.net/i?id=cca6453e4b4b7b2302c28fa3d80b89db_l-4728599-images-thumbs&n=13
596,https://avatars.mds.yandex.net/i?id=22d626f29c17169056cfd1adb6627f77_l-5259114-images-thumbs&n=13
597,https://avatars.mds.yandex.net/i?id=52bccfa1b7631f8a7eca18b11f090ccc_l-9211032-images-thumbs&n=13
598,https://avatars.mds.yandex.net/i?id=a4f4a6924548346a88a7d0f97dde95ca_l-12208630-images-thumbs&n=13
599,https://avatars.mds.yandex.net/i?id=49c300e726547f2a08fea33a12469d74_l-4699071-images-thumbs&n=13
600,https://avatars.mds.yandex.net/i?id=087ff19a2d6393cd73474e50998e1297_l-5287885-images-thumbs&n=13
601,https://avatars.mds.yandex.net/i?id=4a336563e4ef06d3fe8ca34111df6ebc_l-9137926-images-thumbs&n=13
602,https://avatars.mds.yandex.net/i?id=96b49a83e2e5b24121baf111599450f6_l-4055134-images-thumbs&n=13
603,https://avatars.mds.yandex.net/i?id=250e9ce7390cdc911f20f1c3ed879bce_l-5234774-images-thumbs&n=13
604,https://avatars.mds.yandex.net/i?id=e0f3b8dfa11278680a05107108e5296a_l-7985106-images-thumbs&n=13
605,https://avatars.mds.yandex.net/i?id=2ce3beb559bfefddb7236f3f7d536a22_l-5221361-images-thumbs&n=13
606,https://avatars.mds.yandex.net/i?id=e4987f34fa6c7adc3a2f1393cf233a02_l-5297106-images-thumbs&n=13
607,https://avatars.mds.yandex.net/i?id=58430b7f4a67b1fd01fdabac2cccc635_l-5234377-images-thumbs&n=13
608,https://avatars.mds.yandex.net/i?id=42c53866f18de5704fcbc1f38ed0bb72_l-5134426-images-thumbs&n=13
609,https://avatars.mds.yandex.net/i?id=99e035fcfbe149e8335fd3fb48de7199_l-5231985-images-thumbs&n=13
610,https://avatars.mds.yandex.net/i?id=6709351eec8fc34c246ee1f1b1d57e87_l-5235582-images-thumbs&n=13
611,https://avatars.mds.yandex.net/i?id=86e0f53da56ccc93a0cde28a0f26608d_l-10490937-images-thumbs&n=13
612,https://avatars.mds.yandex.net/i?id=08f1bf50cb65ec9fe50cea3a659a9397_l-7866615-images-thumbs&n=13
613,https://avatars.mds.yandex.net/i?id=14099e37299694853e805a1f12fa10b4_l-9066790-images-thumbs&n=13
614,https://avatars.mds.yandex.net/i?id=56c678358aacc87f6baf72f441ab58aa_l-5231564-images-thumbs&n=13
615,https://avatars.mds.yandex.net/i?id=399b2e9f11b8c74ee1ff70e68a1bbb57_l-4591749-images-thumbs&n=13
616,https://avatars.mds.yandex.net/i?id=b6a17b1c0910c16ff708a55ebb7e00bd_l-5271179-images-thumbs&n=13
617,https://avatars.mds.yandex.net/i?id=0877a391190cd9de8ce2ec16379ed605_l-4554202-images-thumbs&n=13
618,https://prorisuem.ru/foto/2762/kartinki_dlia_srisovki_memy_30.webp
619,https://avatars.mds.yandex.net/i?id=5070e1600be5337dadb5d74c2bc60fda_l-5346282-images-thumbs&n=13
620,https://avatars.mds.yandex.net/i?id=ffb2acee57483fe05d34047de5b88e6d_l-5220420-images-thumbs&n=13
621,https://avatars.mds.yandex.net/i?id=91efbf8680fe12f6e25ec69de2f9f259_l-5219700-images-thumbs&n=13
622,https://avatars.mds.yandex.net/i?id=4323b32f4d763ff88b3d0a546c894af8_l-5165563-images-thumbs&n=13
623,https://avatars.mds.yandex.net/i?id=5f91d639293f16782578651f6ad6d11c_l-5222587-images-thumbs&n=13
624,https://i.pinimg.com/originals/ed/45/91/ed45919873a12bf6d0d252c361c74882.jpg
625,https://avatars.mds.yandex.net/i?id=7cf5bf5e3c8c67426f2fd45b9c030e68_l-5288655-images-thumbs&n=13
626,https://avatars.mds.yandex.net/i?id=7aee4b1c380f3591a49aacbf01aba4d2_l-5086874-images-thumbs&n=13
627,https://avatars.mds.yandex.net/i?id=681065362af0a827396534a5dca4b84c_l-5150820-images-thumbs&n=13
628,https://avatars.mds.yandex.net/i?id=e462de142f3a74cfd78cb997189af909_l-9099630-images-thumbs&n=13
629,https://avatars.mds.yandex.net/i?id=38a0a569cee5506eaeb7e0a31ce94e37_l-4400724-images-thumbs&n=13
630,https://avatars.mds.yandex.net/i?id=2c242ab1ff935c28c87c48c65f912b21_l-5139440-images-thumbs&n=13
631,https://avatars.mds.yandex.net/i?id=9edc301c43574fd507f6b982c93a30ac-4578672-images-thumbs&n=13
632,https://avatars.mds.yandex.net/i?id=83dfe269127e9306a74b3e236199a210_l-8209833-images-thumbs&n=13
633,https://avatars.mds.yandex.net/i?id=7b292b3800b6ab5af8963b40516ea215_l-9042901-images-thumbs&n=13
634,https://avatars.mds.yandex.net/i?id=685776080147c44917d6e8da6edf697d_l-4363827-images-thumbs&n=13
635,https://avatars.mds.yandex.net/i?id=5bf5e889ed041eaeec2f45baac639be9_l-5875996-images-thumbs&n=13
636,https://avatars.mds.yandex.net/i?id=76511cedd092bbceb59ee25241629cdf_l-5239380-images-thumbs&n=13
637,https://avatars.mds.yandex.net/i?id=f1980dcef374d003476a6c87a00ced2c_l-5178044-images-thumbs&n=13
638,https://avatars.mds.yandex.net/i?id=e1aa679a48bbf33473163dc21288c8f2_l-4212031-images-thumbs&n=13
639,https://avatars.mds.yandex.net/i?id=340a7db0c34c622e44bc0dfdbb98a283_l-5430119-images-thumbs&n=13
640,https://avatars.mds.yandex.net/i?id=f80481eac20f01b0afef40a307ae6794_l-4825378-images-thumbs&n=13
641,https://avatars.mds.yandex.net/i?id=b9854479c240801b7e1d0aa27dc1ca89_l-3980708-images-thumbs&n=13
642,https://avatars.mds.yandex.net/i?id=58b5ba3a05be9bad5181825a57272a44_l-5277308-images-thumbs&n=13
643,https://avatars.mds.yandex.net/i?id=e1189728eb4e925c37d2fbbe4dc52ad8_l-5339753-images-thumbs&n=13
644,https://avatars.mds.yandex.net/i?id=44c4a14ebe3b94b1fc9377eb41134300_l-4285148-images-thumbs&n=13
645,https://i.pinimg.com/736x/5e/a3/92/5ea39278cf0c61730c55d8b66149de25.jpg
646,https://avatars.mds.yandex.net/i?id=eea2cb785e45953f8d0cc86e4cd5ede5-3905844-images-thumbs&n=13
647,https://avatars.mds.yandex.net/i?id=3c032d6c1b0c84d85dfa8caa7ea065cf_l-5042042-images-thumbs&n=13
648,https://avatars.mds.yandex.net/i?id=3990b366fe5f815ae5b2f3e174c58eec_l-4768242-images-thumbs&n=13
649,https://avatars.mds.yandex.net/i?id=d1533e197e4398301585374dbfec786a_l-8217704-images-thumbs&n=13
650,https://avatars.mds.yandex.net/i?id=5757e4cad14fe2411aeef0d3031723f4_l-4580574-images-thumbs&n=13
651,https://i.pinimg.com/736x/3a/e3/07/3ae307a844a666d13859a8de7d7ca345.jpg
652,https://avatars.mds.yandex.net/i?id=b943e89999b13131786132774e61a7ec_l-4027246-images-thumbs&n=13
653,https://avatars.mds.yandex.net/i?id=6c58481d04664e46b5112c72b628f308_l-8497350-images-thumbs&n=13
654,https://avatars.mds.yandex.net/i?id=0df9dd43b7607c3481651c71bf5a7312_l-5233320-images-thumbs&n=13
655,https://avatars.mds.yandex.net/i?id=a09a4545053672b48b7e94ba8f454aac5d5034db-12144750-images-thumbs&n=13
656,https://avatars.dzeninfra.ru/get-zen_doc/3752452/pub_6458d9a06b6c9912faf943eb_6458da1567b1a729faf77ac2/scale_1200
657,https://avatars.mds.yandex.net/i?id=c41894547fef4faa751033ce31320e79_l-3807181-images-thumbs&n=13
658,https://avatars.mds.yandex.net/i?id=5af3524ce7a79e7d07426f62bda96a3e_l-3834231-images-thumbs&n=13
659,https://avatars.mds.yandex.net/i?id=89d1c6c658d80226e00487ef4a8cdb09_l-5231845-images-thumbs&n=13
660,https://avatars.mds.yandex.net/i?id=1f91c138a04a9fbd1e31b412fe8c3a01_l-4355007-images-thumbs&n=13
661,https://avatars.mds.yandex.net/i?id=74212ca21975dd943a670efc5cf718b0_l-5388140-images-thumbs&n=13
662,https://i.pinimg.com/736x/be/8f/df/be8fdfa70c1bbd5abe56c16552a3ce33.jpg
663,https://avatars.mds.yandex.net/i?id=7a1119ae53ac47d533d661a56134b95d_l-5238639-images-thumbs&n=13
664,https://avatars.mds.yandex.net/i?id=01d0420a2eda6c19ac752a7e620068c8_l-4809521-images-thumbs&n=13
665,https://www.kindpng.com/picc/m/41-414005_grumpy-cat-upset-let-me-think-about-it.png
666,https://avatars.mds.yandex.net/i?id=1e9bd7366663d9b834c2e8551b0201e9_l-9154408-images-thumbs&n=13
667,https://avatars.mds.yandex.net/i?id=ac0442013957cf792b581175bf84bdcd_l-5231779-images-thumbs&n=13
668,https://avatars.mds.yandex.net/i?id=1d7316e84e7dde0b9b53ad8c0aa01b9d_l-5344940-images-thumbs&n=13
669,https://avatars.mds.yandex.net/i?id=53d8332023cdffec34204280f2749ab3_l-9221937-images-thumbs&n=13
670,https://avatars.mds.yandex.net/i?id=b0a036c4ece15f8a003e35a57f2eb75a_l-12614240-images-thumbs&n=13
671,https://avatars.mds.yandex.net/i?id=03192b9ab4606f229ca7be1ab54ea3cb_l-5545648-images-thumbs&n=13
672,https://avatars.mds.yandex.net/i?id=4df8d1ddf182f2ab38fe4688e3d8e54a_l-5101044-images-thumbs&n=13
673,https://avatars.mds.yandex.net/i?id=971dc48e0c12cecd59e7b9b1ba0d0764_l-5383056-images-thumbs&n=13
674,https://avatars.mds.yandex.net/i?id=c0e0d0943a2e1785d535069079fd5d01_l-5655706-images-thumbs&n=13
675,https://avatars.mds.yandex.net/i?id=de3ec318e4378d981a14f23e10342760_l-7084990-images-thumbs&n=13
676,https://avatars.mds.yandex.net/i?id=bd10fc1975f8ea9971114238c39ee7fe_l-5877102-images-thumbs&n=13
677,https://avatars.mds.yandex.net/i?id=c2116e0094e33b90adea3f22c0b01103_l-5597742-images-thumbs&n=13
678,https://www.kindpng.com/picc/m/230-2305045_cat-memes-cry-freetoedit-cry-meme-sticker-png.png
679,https://avatars.mds.yandex.net/i?id=7022d820bc508de7546a4ae4a74da4c5_l-10490937-images-thumbs&n=13
680,https://avatars.mds.yandex.net/i?id=14b2f1e112ddbef4449249e395969306_l-9146142-images-thumbs&n=13
681,https://avatars.mds.yandex.net/i?id=268154fdcbc34fe9121bd7db3dcf40e4_l-4915723-images-thumbs&n=13
682,https://avatars.mds.yandex.net/i?id=9030fa8ec9fee40721c2ccfd5d23392f_l-10997177-images-thumbs&n=13
683,https://avatars.mds.yandex.net/i?id=bf58f56a3212c14403669650f7be6c02_l-10156478-images-thumbs&n=13
684,https://avatars.mds.yandex.net/i?id=c188b8653134df348980a9cd08ccb1e8_l-3833406-images-thumbs&n=13
685,https://avatars.mds.yandex.net/i?id=3724b4ceeb7ad4f1071ff2114a39e433_l-5296855-images-thumbs&n=13
686,https://avatars.mds.yandex.net/i?id=de473f0be890d2b9a45132a53659b57b_l-5350111-images-thumbs&n=13
687,https://i.kym-cdn.com/photos/images/facebook/001/997/044/841.png
688,https://avatars.mds.yandex.net/i?id=7b4489caa43ada13c2b6823a806a2dbd_l-5237668-images-thumbs&n=13
689,https://avatars.mds.yandex.net/i?id=ad5f3733bf667e8c9cef8472b1248b62_l-5230359-images-thumbs&n=13
690,https://avatars.mds.yandex.net/i?id=fd78c0a2c8cd73fd8c48dac73b490dc2_l-5654014-images-thumbs&n=13
691,https://avatars.mds.yandex.net/i?id=0b7b3c1153193a9df38b145288a53296_l-10948701-images-thumbs&n=13
692,https://avatars.mds.yandex.net/i?id=f1a9ecb9c1b12562dabf2e0cbbe9ee65_l-5194042-images-thumbs&n=13
693,https://avatars.mds.yandex.net/i?id=c8d3ce2dfbca8e4822e12649c3248ee1_l-10954464-images-thumbs&n=13
694,https://avatars.mds.yandex.net/i?id=1ce1bba71c0ac1963e120ed303238195_l-5354907-images-thumbs&n=13
695,https://avatars.mds.yandex.net/i?id=5d8dae8642ebfde1a83eb0c04bb0957a_l-5653750-images-thumbs&n=13
696,https://www.kindpng.com/picc/m/261-2619066_nicolas-cage-face-transparent-grumpy-cat-soft-kitty.png
697,https://avatars.mds.yandex.net/i?id=29ac6fb504a579c9808e06615efeec4e_l-8474442-images-thumbs&n=13
698,https://avatars.mds.yandex.net/i?id=67dbbf0f8a40425df112c1e2fbfbe8e8_l-4266310-images-thumbs&n=13
699,https://avatars.mds.yandex.net/i?id=97c5b5fa1f22e6769eda5bdb0e3103b9_l-9847509-images-thumbs&n=13
700,https://avatars.mds.yandex.net/i?id=9b752c4b06aa28f9a2a75b698ebfda0f_l-4633509-images-thumbs&n=13
701,https://avatars.mds.yandex.net/i?id=ac6ca6439f65dcb0d9f88642a3d42acb_l-5334334-images-thumbs&n=13
702,https://avatars.mds.yandex.net/i?id=6dfc7f5e87174550ad26c6fa05b6e876_l-10349474-images-thumbs&n=13
703,https://66.media.tumblr.com/e93c4b0c6485f06601bd8648ddea093c/tumblr_inline_peh2w3DYnh1rmfamp_1280.png
704,https://avatars.mds.yandex.net/i?id=6cdde5ea34dbd7940c0311dafdf66220_l-10350577-images-thumbs&n=13
705,https://avatars.mds.yandex.net/i?id=1e4641a40ad1ece8d27824f682919936_l-4284889-images-thumbs&n=13
706,https://avatars.mds.yandex.net/i?id=a27d2fd3a1426b6e8b248903dffb1362_l-5151471-images-thumbs&n=13
707,https://avatars.mds.yandex.net/i?id=85387be46928b5598cac867164d48e03_l-5648031-images-thumbs&n=13
708,https://avatars.mds.yandex.net/i?id=1ccb0b5d6e28e18b5e77d59c1ec8fbbe_l-8497636-images-thumbs&n=13
709,https://avatars.mds.yandex.net/i?id=9036dd5669f17adcd33c08f3d4dc240b_l-4855099-images-thumbs&n=13
710,https://avatars.mds.yandex.net/i?id=633895a7936b96a6bd6225ab9813157d_l-4034027-images-thumbs&n=13
711,https://avatars.mds.yandex.net/i?id=1afece384bd6291f1429aae0f71d3da5_l-5147200-images-thumbs&n=13
712,https://avatars.mds.yandex.net/i?id=8390a6613d6a9aef3cbd42679f4f9ab9_l-8977890-images-thumbs&n=13
713,https://avatars.mds.yandex.net/i?id=34c60a59ddb5930a1b2f29dd7ed7ead9_l-4055859-images-thumbs&n=13
714,https://avatars.mds.yandex.net/i?id=a2b12baf699d96072c140e2f5e1f87c1_l-10629685-images-thumbs&n=13
715,https://avatars.mds.yandex.net/i?id=0a019711937956c198d8381154c63be5_l-8210406-images-thumbs&n=13
716,https://avatars.mds.yandex.net/i?id=ab3b63fd18b83aebf1dade9ac6748e47_l-4275699-images-thumbs&n=13
717,https://avatars.mds.yandex.net/i?id=1191177155b82311a61df73af1782ebc_l-7947495-images-thumbs&n=13
718,https://avatars.mds.yandex.net/i?id=a310a7f6d9251f609a9679e2de9df1ea_sr-7993564-images-thumbs&n=13
719,https://avatars.mds.yandex.net/i?id=6a52ddb8ef686071fafe0bedf3b463ca_l-4831580-images-thumbs&n=13
720,https://avatars.mds.yandex.net/i?id=8f07c45e9ed0eb0d7f836de228dae3b4_l-8162448-images-thumbs&n=13
721,https://avatars.mds.yandex.net/i?id=7df49a7d659aed1ee14dae092152ea42_l-5235511-images-thumbs&n=13
722,https://avatars.mds.yandex.net/i?id=82549ac75a145bb524763db7271b5679_l-3694967-images-thumbs&n=13
723,https://avatars.mds.yandex.net/i?id=a15cbdd0dbf569aa61093ecbbb0e219b_l-5551764-images-thumbs&n=13
724,https://avatars.mds.yandex.net/i?id=5739762468b23c6c150d6a7a1cbe2632_l-4866977-images-thumbs&n=13
725,https://avatars.mds.yandex.net/i?id=a364234d21ba8061367fb9da5afb932e_l-4398319-images-thumbs&n=13
726,https://avatars.mds.yandex.net/i?id=d60641710c22243c3fc1a3507ae1d3d3_l-4471740-images-thumbs&n=13
727,https://avatars.mds.yandex.net/i?id=1825ea0738c153f6d357f4184bc7fd94_l-5253042-images-thumbs&n=13
728,https://avatars.mds.yandex.net/i?id=40a966afdeb2b80a98f80fc7d008409c_l-5590531-images-thumbs&n=13
729,https://avatars.mds.yandex.net/i?id=d29993f752b48c8d5179675c6e2c5e3b_l-10023438-images-thumbs&n=13
730,https://clipart-library.com/new_gallery/110-1104038_christmas-clipart-grumpy-cat-clip-art-grumpy-cat.png
731,https://avatars.mds.yandex.net/i?id=a96e930cff508885c0f3ad04e333b4fa_l-8152091-images-thumbs&n=13
732,https://avatars.mds.yandex.net/i?id=ca9e33ccc0921d3fbc00dc08fdc5e65a_l-5694385-images-thumbs&n=13
733,https://avatars.mds.yandex.net/i?id=66565e8c5d1fdd0711503df74a1a08dc_l-8234358-images-thumbs&n=13
734,https://i.pinimg.com/originals/a4/d3/02/a4d3021d90fdd592324abe233a50512f.png
735,https://avatars.mds.yandex.net/i?id=d0fd5b7d6bb35ba0efada197460e118c_l-4326046-images-thumbs&n=13
736,https://mirfauni.cdnbro.com/posts/268629-kot-pidrila-2.jpg
737,https://avatars.mds.yandex.net/i?id=1b25ef5e1a8d0e88e3537bfdf94a89b8_l-9106673-images-thumbs&n=13
738,https://avatars.mds.yandex.net/i?id=283e44a7d1a24d5098c30ff597916e1d_l-5664541-images-thumbs&n=13
739,https://avatars.mds.yandex.net/i?id=662164ec83904ca724b3b9e10ea3fb67_l-5869570-images-thumbs&n=13
740,https://avatars.mds.yandex.net/i?id=f4a989b5b943d4b42d8545a9f8ace49b_l-5222388-images-thumbs&n=13
741,https://avatars.mds.yandex.net/i?id=3af38997adc7bc4ce07f54c7180b9afe_l-5334272-images-thumbs&n=13
742,https://avatars.mds.yandex.net/i?id=b2cb2c89468a476bce1c98ff88b24ac3_l-5286981-images-thumbs&n=13
743,https://avatars.mds.yandex.net/i?id=c066272db0fee21cc4971c3da48698b9_l-3725524-images-thumbs&n=13
744,https://avatars.mds.yandex.net/i?id=5fb70a6d61831323c136b5e2394274c8_l-5239568-images-thumbs&n=13
745,https://avatars.mds.yandex.net/i?id=8c1c30dd19d89ee2e4371402bea3fab7_l-5300222-images-thumbs&n=13
746,https://avatars.mds.yandex.net/i?id=96e2ef879ce3ae8b2882cff728297336_l-5233671-images-thumbs&n=13
747,https://avatars.mds.yandex.net/i?id=95e5608f59f5ffd39a6546cef48a7488_l-3418372-images-thumbs&n=13
748,https://avatars.mds.yandex.net/i?id=32663f6ce2f348a1bf17b9b5f4bedbd0_l-5289055-images-thumbs&n=13
749,https://avatars.mds.yandex.net/i?id=ad85b026852891984fc95fd09e0a4958_l-5246707-images-thumbs&n=13
750,https://avatars.mds.yandex.net/i?id=a6bf626ade7bef9f92818369a5e36106_l-4079195-images-thumbs&n=13
751,https://avatars.mds.yandex.net/i?id=10001f6eed664d876b1c517aa5bf399e_l-9106775-images-thumbs&n=13
752,https://avatars.mds.yandex.net/i?id=9956cee82b427996a5da0c12293a6240_l-5287606-images-thumbs&n=13
753,https://avatars.mds.yandex.net/i?id=53e5876782c20c59fde7c7ec674b3f07_l-10216894-images-thumbs&n=13
754,https://avatars.mds.yandex.net/i?id=971a38357d78e734343fa55bb96022d6_l-7548061-images-thumbs&n=13
755,https://avatars.mds.yandex.net/i?id=0b676acc79b2d4eb15357ca2fdf34161_l-5234434-images-thumbs&n=13
756,https://avatars.mds.yandex.net/i?id=b7829f91287698e329aa73aea7374c81_l-5220591-images-thumbs&n=13
757,https://avatars.mds.yandex.net/i?id=bf9cbc2269217b5ec7e6158218f1a624_l-12144750-images-thumbs&n=13
758,https://avatars.mds.yandex.net/i?id=947ff8944f7a17f2f7afbf430af8c3b3_l-8342740-images-thumbs&n=13
759,https://avatars.mds.yandex.net/i?id=2e111fd1ae8620c8e722542078b0da6a_l-4462454-images-thumbs&n=13
760,https://avatars.mds.yandex.net/i?id=f8f5b17fa25c80847650d8ffeb1cb567_l-5315630-images-thumbs&n=13
761,https://avatars.mds.yandex.net/i?id=17abe5ed4aa9459b645cf5e501d8d3a8_l-4662446-images-thumbs&n=13
762,https://avatars.mds.yandex.net/i?id=508b95556f0de9a04a6b19713100e245_l-5616646-images-thumbs&n=13
763,https://avatars.mds.yandex.net/i?id=6aae656d0c818ce42e1415f227386c95_l-5221578-images-thumbs&n=13
764,https://avatars.mds.yandex.net/i?id=f28f5b6b88e1203f60f6e213cc72083e_l-10702734-images-thumbs&n=13
765,https://avatars.mds.yandex.net/i?id=1ae5faa522b10be8b5a171e4bcb4840f_l-5518637-images-thumbs&n=13
766,https://avatars.mds.yandex.net/i?id=49b0d2f31d79b4687dbb400c0caadbe4_l-5249406-images-thumbs&n=13
767,https://avatars.mds.yandex.net/i?id=fc1c4a9d9be18e5fdc4731fa8a65a201_l-5221157-images-thumbs&n=13
768,https://avatars.mds.yandex.net/i?id=9dda75c092f34c7bef8c362f5c8795ea_l-4246574-images-thumbs&n=13
769,https://avatars.mds.yandex.net/i?id=7875ed91506d2986f601d83f08742a2e_l-5214146-images-thumbs&n=13
770,https://avatars.mds.yandex.net/i?id=f949e2ce3486ce947ae49ff11d87262e_l-4835315-images-thumbs&n=13
771,https://avatars.mds.yandex.net/i?id=2e0a47ef20250931e5551468ed321c36_l-4904451-images-thumbs&n=13
772,https://avatars.mds.yandex.net/i?id=2f48a07ced2c44bc361aa0553778071b_l-5577247-images-thumbs&n=13
773,https://avatars.mds.yandex.net/i?id=d9a9b95ba30bd546ae07e01777193c1f_l-5314608-images-thumbs&n=13
774,https://avatars.mds.yandex.net/i?id=9fb9b5c8eba98f7a020226c431c7aa9b_l-9233495-images-thumbs&n=13
775,https://avatars.mds.yandex.net/i?id=413cc43d18ea1ab42a7dbf8a543063e4_l-7012723-images-thumbs&n=13
776,https://avatars.mds.yandex.net/i?id=d9529026b0d5293f6d46fc11ced29b62_l-8342484-images-thumbs&n=13
777,https://avatars.mds.yandex.net/i?id=57476fa88f7ed455b8a375d2751e5897_l-5374508-images-thumbs&n=13
778,https://avatars.mds.yandex.net/i?id=426ca3556bc039beb9ffc1764b53905f_l-5274458-images-thumbs&n=13
779,https://avatars.mds.yandex.net/i?id=8c78f751aa78e5e1996272ad93027179_l-6428875-images-thumbs&n=13
780,https://avatars.mds.yandex.net/i?id=e293dd8bb5463680f1de377ad2d93757_l-8567975-images-thumbs&n=13
781,https://www.kindpng.com/picc/m/711-7115327_dank-memes-meme-white-fur-cat-worm-on.png
782,https://avatars.mds.yandex.net/i?id=9cecdf549ea9979b6041868a03b2c86f_l-8168927-images-thumbs&n=13
783,https://avatars.mds.yandex.net/i?id=3baea34bacb77e049bf6b8aada759d81_l-7552222-images-thumbs&n=13
784,https://avatars.mds.yandex.net/i?id=3263b208b80cd74af0876475fed0c1f4_l-5869064-images-thumbs&n=13
785,https://avatars.mds.yandex.net/i?id=baae4fcab550ca3c30b2dddb071fb7ab_l-7664017-images-thumbs&n=13
786,https://avatars.mds.yandex.net/i?id=114084534c1198a166c7b683148558ce_l-3733141-images-thumbs&n=13
787,https://avatars.mds.yandex.net/i?id=73b8cfa90a71eae567fcf0cbcfdb54f4_l-10808639-images-thumbs&n=13
788,https://sun9-25.userapi.com/impg/oBwYk2vVS5giLjpLDJo4V1Z5j61IGfTEbP3bFg/C1dHeT4JneU.jpg?size=1080x1080&quality=95&sign=c43564672899243ec60b551940338ad4&c_uniq_tag=jxqxJgAD_1fPJm0ZADAXNYYo1Ii6cSJAv6YPP7g3t0w&type=album
789,https://avatars.mds.yandex.net/i?id=43d851fe41ad001cd033f3496b2763d8_l-5160619-images-thumbs&n=13
790,https://avatars.mds.yandex.net/i?id=67fe65dcf354cae0fe45a96a2ff1827b_l-4842841-images-thumbs&n=13
791,https://avatars.mds.yandex.net/i?id=20fbc6d688d247d8bf1fc1c777484819_l-4662459-images-thumbs&n=13
792,https://avatars.mds.yandex.net/i?id=a0c623bddc73e2892fc98052be999250_l-10071538-images-thumbs&n=13
793,https://avatars.mds.yandex.net/i?id=b84548615084ec2774463f40fbbc7f27_l-4312018-images-thumbs&n=13
794,https://avatars.mds.yandex.net/i?id=33101266b528920f68831948aa8f579a_l-5888733-images-thumbs&n=13
795,https://avatars.mds.yandex.net/i?id=8bb3c0607dbefbdd245b53f44f7e1d36_l-5359509-images-thumbs&n=13
796,https://avatars.mds.yandex.net/i?id=43ab13376d6410bf7a0f6864c2d11f07_l-4033702-images-thumbs&n=13
797,https://avatars.mds.yandex.net/i?id=101812d54fa38c025206decfde2caba7_l-10313458-images-thumbs&n=13
798,https://avatars.mds.yandex.net/i?id=9c3e63f35134ed18f12cc1dbea284303_l-12202401-images-thumbs&n=13
799,https://avatars.mds.yandex.net/i?id=3eac8a63bf25918ecacf8e44bc3ae1fa_l-5305007-images-thumbs&n=13
